Frame,Object ID,Class,Confidence,Bounding Box
10.0,10.0_15,car,0.997737467288971,"[447, 336, 108, 109]"
10.0,10.0_33,car,0.9951806664466858,"[376, 177, 33, 27]"
10.0,10.0_41,car,0.9923668503761292,"[375, 210, 44, 38]"
10.0,10.0_6,car,0.9887179732322693,"[177, 275, 92, 72]"
10.0,10.0_47,car,0.985419750213623,"[449, 220, 50, 43]"
10.0,10.0_31,car,0.9745320677757263,"[448, 159, 29, 19]"
10.0,10.0_39,car,0.9681696891784668,"[299, 202, 49, 44]"
10.0,10.0_25,car,0.8715004920959473,"[361, 153, 29, 21]"
10.0,10.0_53,motorbike,0.8684567809104919,"[422, 263, 23, 38]"
10.0,10.0_55,car,0.8354318141937256,"[303, 452, 104, 26]"
10.0,10.0_30,car,0.7493101954460144,"[399, 162, 26, 18]"
10.0,10.0_18,car,0.7421547770500183,"[408, 135, 25, 16]"
10.0,10.0_23,car,0.6985378861427307,"[438, 144, 20, 13]"
10.0,10.0_24,car,0.6347798109054565,"[622, 130, 46, 43]"
10.0,10.0_46,person,0.6307380199432373,"[259, 226, 18, 38]"
10.0,10.0_20,car,0.5883601903915405,"[279, 141, 27, 21]"
10.0,10.0_16,car,0.550620436668396,"[576, 108, 24, 16]"
10.0,10.0_22,car,0.5413011312484741,"[410, 143, 21, 16]"
20.0,20.0_39,car,0.9924094676971436,"[372, 184, 35, 30]"
20.0,20.0_5,car,0.990678608417511,"[451, 237, 62, 45]"
20.0,20.0_16,car,0.9882544875144958,"[471, 386, 125, 90]"
20.0,20.0_8,car,0.9860788583755493,"[144, 304, 98, 79]"
20.0,20.0_27,car,0.9855099320411682,"[356, 161, 30, 18]"
20.0,20.0_47,car,0.9816693663597107,"[371, 225, 48, 42]"
20.0,20.0_43,car,0.9668316841125488,"[288, 212, 52, 46]"
20.0,20.0_32,car,0.9398639798164368,"[450, 161, 28, 24]"
20.0,20.0_33,car,0.8506765961647034,"[392, 168, 30, 18]"
20.0,20.0_60,motorbike,0.8314727544784546,"[427, 292, 27, 54]"
20.0,20.0_21,car,0.7897703051567078,"[438, 146, 20, 14]"
20.0,20.0_22,car,0.6695538759231567,"[619, 132, 45, 37]"
20.0,20.0_17,car,0.6508756279945374,"[357, 125, 23, 13]"
20.0,20.0_18,car,0.6434772610664368,"[408, 136, 26, 13]"
20.0,20.0_53,motorbike,0.6429387927055359,"[245, 244, 21, 40]"
20.0,20.0_26,car,0.5805844068527222,"[410, 152, 22, 14]"
20.0,20.0_20,car,0.5795502662658691,"[406, 145, 25, 15]"
20.0,20.0_58,person,0.5284828543663025,"[426, 285, 29, 30]"
30.0,30.0_5,car,0.9929375052452087,"[455, 254, 69, 50]"
30.0,30.0_26,car,0.9901177883148193,"[369, 191, 38, 34]"
30.0,30.0_21,car,0.9883412718772888,"[449, 170, 33, 24]"
30.0,30.0_17,car,0.9757413864135742,"[348, 160, 32, 25]"
30.0,30.0_20,car,0.9704989194869995,"[387, 168, 32, 25]"
30.0,30.0_33,car,0.9659242630004883,"[366, 242, 52, 46]"
30.0,30.0_30,car,0.9075539708137512,"[281, 221, 50, 52]"
30.0,30.0_40,motorbike,0.8017265200614929,"[229, 260, 22, 43]"
30.0,30.0_9,motorbike,0.7794936299324036,"[432, 335, 39, 83]"
30.0,30.0_14,car,0.636371374130249,"[611, 129, 43, 39]"
30.0,30.0_13,car,0.5397082567214966,"[279, 142, 25, 20]"
40.0,40.0_32,car,0.9956579804420471,"[449, 176, 37, 28]"
40.0,40.0_5,car,0.9946744441986084,"[355, 262, 71, 56]"
40.0,40.0_35,car,0.9917529821395874,"[364, 200, 42, 36]"
40.0,40.0_10,car,0.9851410388946533,"[469, 275, 72, 62]"
40.0,40.0_31,car,0.9840375185012817,"[383, 174, 32, 28]"
40.0,40.0_3,car,0.9705849885940552,"[263, 234, 60, 53]"
40.0,40.0_28,car,0.9674107432365417,"[342, 168, 31, 24]"
40.0,40.0_18,car,0.9246087670326233,"[602, 126, 47, 39]"
40.0,40.0_43,motorbike,0.8391984701156616,"[209, 287, 24, 44]"
40.0,40.0_16,person,0.8025307655334473,"[448, 405, 50, 68]"
40.0,40.0_25,car,0.6663517355918884,"[417, 147, 37, 25]"
40.0,40.0_26,car,0.6286470890045166,"[666, 149, 31, 29]"
40.0,40.0_17,car,0.509493887424469,"[585, 110, 24, 16]"
50.0,50.0_4,car,0.9974030256271362,"[360, 290, 69, 63]"
50.0,50.0_22,car,0.9916619658470154,"[378, 182, 35, 29]"
50.0,50.0_23,car,0.990339994430542,"[451, 184, 36, 29]"
50.0,50.0_28,car,0.9893189668655396,"[363, 210, 43, 38]"
50.0,50.0_20,car,0.9866153597831726,"[333, 173, 34, 25]"
50.0,50.0_6,car,0.9820234775543213,"[478, 300, 87, 77]"
50.0,50.0_34,motorbike,0.8998590111732483,"[185, 312, 28, 51]"
50.0,50.0_16,car,0.879546582698822,"[660, 148, 36, 28]"
50.0,50.0_0,car,0.8752346634864807,"[249, 243, 64, 63]"
50.0,50.0_12,car,0.807354748249054,"[598, 126, 47, 37]"
50.0,50.0_17,car,0.7729605436325073,"[417, 162, 29, 18]"
60.0,60.0_5,car,0.9971327781677246,"[352, 322, 89, 81]"
60.0,60.0_25,car,0.992078959941864,"[325, 177, 37, 29]"
60.0,60.0_32,car,0.9914114475250244,"[452, 194, 37, 31]"
60.0,60.0_30,car,0.9856770634651184,"[372, 191, 39, 30]"
60.0,60.0_36,car,0.9809340238571167,"[361, 223, 47, 39]"
60.0,60.0_11,car,0.9639960527420044,"[506, 337, 92, 94]"
60.0,60.0_21,car,0.9519078731536865,"[651, 149, 37, 26]"
60.0,60.0_22,car,0.88511723279953,"[415, 158, 33, 26]"
60.0,60.0_16,car,0.8648841977119446,"[597, 127, 40, 35]"
60.0,60.0_1,car,0.8168726563453674,"[225, 265, 72, 67]"
60.0,60.0_20,car,0.6730336546897888,"[392, 153, 24, 18]"
70.0,70.0_10,car,0.9945108294487,"[359, 368, 95, 104]"
70.0,70.0_30,car,0.9944104552268982,"[370, 197, 40, 36]"
70.0,70.0_27,car,0.9931693077087402,"[317, 186, 40, 28]"
70.0,70.0_15,car,0.9902015924453735,"[531, 388, 128, 90]"
70.0,70.0_34,car,0.9886398911476135,"[453, 206, 43, 34]"
70.0,70.0_4,car,0.9780470728874207,"[210, 280, 85, 80]"
70.0,70.0_26,car,0.9746742248535156,"[416, 166, 31, 27]"
70.0,70.0_38,car,0.9728280901908875,"[362, 234, 46, 41]"
70.0,70.0_25,car,0.8459563851356506,"[391, 162, 24, 17]"
70.0,70.0_24,car,0.81075119972229,"[646, 147, 35, 27]"
70.0,70.0_17,car,0.8105722069740295,"[593, 126, 38, 37]"
70.0,70.0_16,car,0.6900743246078491,"[447, 133, 27, 17]"
70.0,70.0_23,car,0.6039748787879944,"[391, 152, 25, 17]"
70.0,70.0_22,car,0.5492828488349915,"[280, 150, 25, 20]"
70.0,70.0_18,car,0.5059940814971924,"[410, 144, 28, 16]"
80.0,80.0_39,car,0.9914212822914124,"[453, 218, 51, 38]"
80.0,80.0_37,car,0.9913600087165833,"[363, 207, 44, 37]"
80.0,80.0_35,car,0.99009770154953,"[308, 193, 43, 30]"
80.0,80.0_31,car,0.9805958271026611,"[417, 174, 29, 29]"
80.0,80.0_10,car,0.9774172306060791,"[185, 308, 92, 93]"
80.0,80.0_45,car,0.9752802848815918,"[362, 249, 50, 48]"
80.0,80.0_15,car,0.9146576523780823,"[367, 434, 101, 41]"
80.0,80.0_25,car,0.8507897853851318,"[388, 160, 24, 20]"
80.0,80.0_23,car,0.8135437965393066,"[635, 146, 38, 27]"
80.0,80.0_22,car,0.7537577748298645,"[408, 153, 26, 16]"
80.0,80.0_33,car,0.6566025018692017,"[672, 183, 28, 27]"
80.0,80.0_28,car,0.6108912229537964,"[665, 161, 29, 24]"
80.0,80.0_18,car,0.6076679825782776,"[408, 145, 24, 15]"
80.0,80.0_21,car,0.5661699175834656,"[278, 149, 29, 24]"
80.0,80.0_16,car,0.5577177405357361,"[448, 135, 25, 18]"
80.0,80.0_17,car,0.5311025381088257,"[384, 146, 23, 14]"
90.0,90.0_27,car,0.9931145906448364,"[354, 217, 51, 41]"
90.0,90.0_23,car,0.9911048412322998,"[416, 182, 36, 31]"
90.0,90.0_4,car,0.9878690242767334,"[162, 332, 105, 122]"
90.0,90.0_25,car,0.9806045889854431,"[299, 201, 44, 32]"
90.0,90.0_1,car,0.9784964323043823,"[352, 265, 65, 54]"
90.0,90.0_18,car,0.9505504369735718,"[386, 166, 28, 24]"
90.0,90.0_32,car,0.9367344379425049,"[462, 232, 48, 43]"
90.0,90.0_11,car,0.853081464767456,"[405, 155, 27, 14]"
90.0,90.0_12,car,0.843090832233429,"[632, 147, 33, 25]"
90.0,90.0_15,car,0.8031373023986816,"[407, 160, 26, 17]"
90.0,90.0_7,car,0.7865100502967834,"[449, 142, 24, 19]"
90.0,90.0_5,car,0.718017578125,"[580, 126, 42, 38]"
90.0,90.0_24,car,0.7058935761451721,"[662, 182, 34, 26]"
90.0,90.0_16,car,0.6676135063171387,"[658, 161, 34, 23]"
90.0,90.0_6,car,0.667082667350769,"[382, 147, 18, 12]"
90.0,90.0_20,person,0.610231876373291,"[232, 179, 11, 23]"
90.0,90.0_9,car,0.5529698133468628,"[279, 153, 26, 20]"
100.0,100.0_32,car,0.9914624691009521,"[420, 194, 41, 31]"
100.0,100.0_5,car,0.9887102842330933,"[356, 287, 69, 59]"
100.0,100.0_39,car,0.9872260689735413,"[290, 209, 47, 33]"
100.0,100.0_46,car,0.9861581921577454,"[350, 230, 52, 42]"
100.0,100.0_9,car,0.9765127301216125,"[118, 380, 130, 94]"
100.0,100.0_1,car,0.9694333076477051,"[471, 248, 54, 49]"
100.0,100.0_29,car,0.9674922227859497,"[655, 174, 37, 30]"
100.0,100.0_13,car,0.9225091338157654,"[378, 155, 22, 14]"
100.0,100.0_26,car,0.9175443649291992,"[385, 180, 28, 20]"
100.0,100.0_17,car,0.856357753276825,"[628, 149, 31, 24]"
100.0,100.0_21,car,0.8264185190200806,"[403, 161, 27, 18]"
100.0,100.0_31,car,0.7796294689178467,"[408, 186, 31, 22]"
100.0,100.0_15,car,0.7606577277183533,"[449, 153, 23, 14]"
100.0,100.0_10,car,0.7349317669868469,"[583, 126, 32, 37]"
100.0,100.0_14,car,0.6100597977638245,"[409, 155, 22, 13]"
100.0,100.0_23,car,0.5799471735954285,"[385, 170, 27, 18]"
100.0,100.0_12,car,0.5656486749649048,"[277, 150, 29, 26]"
110.0,110.0_3,car,0.9961100816726685,"[355, 308, 73, 69]"
110.0,110.0_2,car,0.9906101822853088,"[479, 270, 62, 57]"
110.0,110.0_33,car,0.9887957572937012,"[345, 244, 52, 44]"
110.0,110.0_30,car,0.9864332675933838,"[282, 218, 49, 38]"
110.0,110.0_24,car,0.9848067760467529,"[426, 203, 39, 33]"
110.0,110.0_23,car,0.9749992489814758,"[405, 193, 34, 24]"
110.0,110.0_19,car,0.9668808579444885,"[381, 176, 33, 26]"
110.0,110.0_20,car,0.9538662433624268,"[646, 174, 38, 26]"
110.0,110.0_16,car,0.917544960975647,"[373, 160, 22, 16]"
110.0,110.0_11,car,0.7632339596748352,"[620, 150, 33, 22]"
110.0,110.0_14,car,0.7533862590789795,"[278, 159, 28, 19]"
110.0,110.0_17,car,0.714623212814331,"[404, 163, 25, 14]"
110.0,110.0_9,car,0.6835896968841553,"[582, 134, 29, 32]"
110.0,110.0_10,car,0.6067137718200684,"[450, 156, 22, 16]"
120.0,120.0_14,car,0.9965565204620361,"[355, 335, 80, 85]"
120.0,120.0_39,car,0.9938725233078003,"[433, 216, 42, 32]"
120.0,120.0_9,car,0.9918752908706665,"[495, 302, 74, 66]"
120.0,120.0_2,car,0.9906750917434692,"[333, 258, 59, 49]"
120.0,120.0_34,car,0.9786953926086426,"[397, 202, 40, 26]"
120.0,120.0_44,car,0.9768938422203064,"[272, 228, 51, 37]"
120.0,120.0_27,car,0.9521985054016113,"[638, 166, 38, 30]"
120.0,120.0_32,car,0.9076175093650818,"[381, 182, 33, 27]"
120.0,120.0_24,car,0.9006755948066711,"[449, 161, 23, 16]"
120.0,120.0_19,car,0.8871279358863831,"[279, 161, 26, 20]"
120.0,120.0_21,car,0.8857415318489075,"[368, 163, 24, 17]"
120.0,120.0_22,car,0.7866498827934265,"[406, 164, 23, 14]"
120.0,120.0_25,car,0.6285597085952759,"[402, 169, 25, 15]"
130.0,130.0_4,car,0.9956642389297485,"[322, 274, 67, 56]"
130.0,130.0_51,car,0.9936617016792297,"[437, 225, 48, 39]"
130.0,130.0_13,car,0.9914667010307312,"[510, 334, 92, 78]"
130.0,130.0_21,car,0.9898259043693542,"[355, 370, 82, 100]"
130.0,130.0_54,car,0.9650611281394958,"[260, 237, 53, 40]"
130.0,130.0_43,car,0.9642080068588257,"[392, 207, 40, 31]"
130.0,130.0_32,car,0.9608403444290161,"[362, 169, 27, 19]"
130.0,130.0_36,car,0.9192093014717102,"[380, 185, 36, 25]"
130.0,130.0_30,car,0.8818914890289307,"[449, 162, 24, 19]"
130.0,130.0_35,car,0.8584994077682495,"[633, 166, 32, 26]"
130.0,130.0_37,car,0.8079050779342651,"[667, 195, 32, 28]"
130.0,130.0_34,car,0.8074421882629395,"[398, 170, 31, 15]"
130.0,130.0_27,car,0.6890333294868469,"[279, 160, 26, 21]"
130.0,130.0_29,car,0.6317402720451355,"[406, 164, 24, 12]"
140.0,140.0_3,car,0.9974889755249023,"[307, 291, 78, 62]"
140.0,140.0_10,car,0.9942014217376709,"[533, 375, 133, 101]"
140.0,140.0_37,car,0.991294264793396,"[382, 210, 46, 38]"
140.0,140.0_14,car,0.988543689250946,"[343, 417, 108, 60]"
140.0,140.0_44,car,0.9875706434249878,"[447, 235, 49, 43]"
140.0,140.0_22,car,0.9711004495620728,"[356, 171, 28, 20]"
140.0,140.0_29,car,0.9657526612281799,"[654, 187, 41, 27]"
140.0,140.0_30,car,0.913685142993927,"[379, 191, 38, 31]"
140.0,140.0_25,car,0.912512481212616,"[449, 169, 23, 15]"
140.0,140.0_2,car,0.901096522808075,"[248, 248, 60, 48]"
140.0,140.0_26,car,0.8794726133346558,"[628, 165, 30, 25]"
140.0,140.0_24,car,0.8196282386779785,"[404, 171, 26, 16]"
140.0,140.0_17,car,0.8125578761100769,"[278, 161, 27, 19]"
140.0,140.0_19,car,0.6631554961204529,"[406, 164, 23, 14]"
140.0,140.0_27,car,0.5945398807525635,"[389, 176, 36, 25]"
150.0,150.0_6,car,0.9955847263336182,"[290, 311, 87, 70]"
150.0,150.0_21,car,0.9891157746315002,"[348, 174, 31, 23]"
150.0,150.0_35,car,0.985670268535614,"[457, 253, 56, 40]"
150.0,150.0_30,car,0.9818340539932251,"[376, 215, 45, 46]"
150.0,150.0_24,car,0.9484866857528687,"[641, 185, 44, 24]"
150.0,150.0_3,car,0.9391364455223083,"[233, 258, 61, 51]"
150.0,150.0_18,car,0.9380258917808533,"[447, 171, 27, 18]"
150.0,150.0_13,car,0.8000281453132629,"[279, 159, 26, 21]"
150.0,150.0_26,car,0.787415623664856,"[381, 189, 36, 35]"
150.0,150.0_15,car,0.7156314849853516,"[622, 157, 32, 25]"
150.0,150.0_17,car,0.6954437494277954,"[404, 171, 25, 15]"
150.0,150.0_9,car,0.6084107756614685,"[412, 153, 19, 13]"
150.0,150.0_22,car,0.5625766515731812,"[388, 179, 36, 14]"
150.0,150.0_14,car,0.5412743091583252,"[408, 165, 22, 14]"
160.0,160.0_8,car,0.9972566366195679,"[275, 338, 97, 82]"
160.0,160.0_7,car,0.996192455291748,"[468, 273, 58, 47]"
160.0,160.0_21,car,0.989524781703949,"[341, 178, 33, 24]"
160.0,160.0_36,car,0.9868884682655334,"[366, 229, 51, 43]"
160.0,160.0_4,car,0.980093777179718,"[219, 273, 71, 56]"
160.0,160.0_25,car,0.855995774269104,"[620, 179, 48, 23]"
160.0,160.0_32,car,0.8444278836250305,"[379, 197, 35, 35]"
160.0,160.0_19,car,0.8149969577789307,"[447, 171, 28, 21]"
160.0,160.0_14,car,0.7682430148124695,"[410, 154, 22, 14]"
160.0,160.0_26,car,0.7498448491096497,"[383, 184, 40, 30]"
160.0,160.0_17,car,0.5312740206718445,"[618, 162, 30, 16]"
160.0,160.0_22,car,0.5149219036102295,"[388, 181, 36, 14]"
170.0,170.0_7,car,0.996886670589447,"[482, 290, 71, 62]"
170.0,170.0_11,car,0.9966185688972473,"[259, 365, 100, 105]"
170.0,170.0_5,car,0.9929118752479553,"[192, 290, 83, 62]"
170.0,170.0_1,car,0.9927089214324951,"[354, 238, 59, 46]"
170.0,170.0_28,car,0.9898911714553833,"[332, 183, 31, 26]"
170.0,170.0_33,car,0.942948043346405,"[375, 197, 41, 41]"
170.0,170.0_24,car,0.9218661785125732,"[616, 175, 40, 22]"
170.0,170.0_17,car,0.8413379788398743,"[442, 168, 31, 26]"
170.0,170.0_14,car,0.785327136516571,"[410, 154, 21, 14]"
170.0,170.0_29,car,0.6779547333717346,"[381, 185, 41, 26]"
170.0,170.0_13,car,0.5631742477416992,"[423, 145, 21, 12]"
180.0,180.0_8,car,0.996652364730835,"[500, 320, 86, 75]"
180.0,180.0_11,car,0.9964636564254761,"[235, 403, 113, 74]"
180.0,180.0_3,car,0.9963266253471375,"[174, 309, 93, 72]"
180.0,180.0_1,car,0.9937899112701416,"[346, 256, 62, 46]"
180.0,180.0_30,car,0.9917475581169128,"[321, 187, 37, 28]"
180.0,180.0_27,car,0.9525188207626343,"[443, 176, 33, 22]"
180.0,180.0_36,car,0.9214980006217957,"[371, 215, 42, 36]"
180.0,180.0_21,car,0.9096148014068604,"[409, 154, 21, 14]"
180.0,180.0_32,car,0.6428610682487488,"[382, 185, 37, 23]"
180.0,180.0_16,car,0.5605932474136353,"[423, 136, 20, 11]"
180.0,180.0_20,car,0.5566719770431519,"[278, 153, 25, 19]"
180.0,180.0_17,car,0.5505029559135437,"[424, 146, 19, 12]"
190.0,190.0_1,car,0.9982779622077942,"[334, 261, 69, 60]"
190.0,190.0_28,car,0.9920317530632019,"[310, 192, 41, 31]"
190.0,190.0_5,car,0.9908468723297119,"[141, 340, 105, 80]"
190.0,190.0_24,car,0.9782708883285522,"[444, 174, 32, 29]"
190.0,190.0_15,car,0.9717440009117126,"[528, 362, 106, 92]"
190.0,190.0_31,car,0.9064867496490479,"[370, 213, 43, 48]"
190.0,190.0_30,car,0.8331443071365356,"[378, 191, 39, 31]"
190.0,190.0_21,car,0.766682505607605,"[408, 154, 22, 15]"
190.0,190.0_18,car,0.7499723434448242,"[423, 144, 20, 13]"
190.0,190.0_17,car,0.6309970617294312,"[421, 135, 21, 13]"
190.0,190.0_22,car,0.5713592767715454,"[393, 173, 27, 16]"
200.0,200.0_4,car,0.9981822967529297,"[315, 283, 86, 66]"
200.0,200.0_30,car,0.9763191342353821,"[294, 200, 45, 35]"
200.0,200.0_28,car,0.9739555716514587,"[444, 182, 33, 28]"
200.0,200.0_32,car,0.9204524755477905,"[370, 219, 44, 52]"
200.0,200.0_26,car,0.8161018490791321,"[383, 182, 35, 29]"
200.0,200.0_18,car,0.7785339951515198,"[404, 155, 23, 16]"
200.0,200.0_15,car,0.7518114447593689,"[420, 144, 23, 14]"
200.0,200.0_19,car,0.6755455136299133,"[445, 154, 22, 14]"
200.0,200.0_21,car,0.6233121752738953,"[664, 161, 29, 26]"
200.0,200.0_13,car,0.6143866181373596,"[421, 135, 21, 13]"
200.0,200.0_12,car,0.5558406710624695,"[423, 128, 20, 13]"
200.0,200.0_14,car,0.5064043402671814,"[452, 136, 22, 13]"
210.0,210.0_4,car,0.9983462691307068,"[299, 304, 89, 77]"
210.0,210.0_28,car,0.990769624710083,"[280, 210, 48, 38]"
210.0,210.0_24,car,0.9680739641189575,"[441, 180, 37, 38]"
210.0,210.0_19,car,0.9551112651824951,"[651, 156, 39, 25]"
210.0,210.0_17,car,0.9253605008125305,"[400, 160, 25, 16]"
210.0,210.0_0,car,0.9129851460456848,"[365, 221, 52, 62]"
210.0,210.0_27,car,0.8440940976142883,"[378, 200, 38, 30]"
210.0,210.0_22,car,0.791942834854126,"[383, 183, 35, 27]"
210.0,210.0_16,car,0.7360110878944397,"[445, 154, 23, 16]"
210.0,210.0_12,car,0.6748006343841553,"[420, 145, 22, 14]"
210.0,210.0_11,car,0.5942437648773193,"[420, 135, 22, 13]"
210.0,210.0_18,car,0.585858941078186,"[445, 162, 23, 15]"
220.0,220.0_8,car,0.9981765747070312,"[282, 333, 88, 97]"
220.0,220.0_18,car,0.9872002601623535,"[640, 151, 38, 26]"
220.0,220.0_3,car,0.9815567135810852,"[368, 238, 58, 65]"
220.0,220.0_27,car,0.9643663167953491,"[441, 185, 40, 40]"
220.0,220.0_34,car,0.9618895053863525,"[260, 223, 50, 39]"
220.0,220.0_23,car,0.8905305862426758,"[384, 186, 32, 27]"
220.0,220.0_31,car,0.8849983811378479,"[375, 205, 40, 39]"
220.0,220.0_13,car,0.7169691920280457,"[417, 144, 26, 16]"
220.0,220.0_16,car,0.6230282783508301,"[441, 153, 27, 18]"
220.0,220.0_20,car,0.5466676354408264,"[399, 160, 26, 18]"
220.0,220.0_17,car,0.5020873546600342,"[572, 152, 28, 15]"
230.0,230.0_6,car,0.9979706406593323,"[255, 366, 111, 108]"
230.0,230.0_5,car,0.9881255030632019,"[371, 263, 62, 68]"
230.0,230.0_22,car,0.9495459794998169,"[368, 214, 50, 40]"
230.0,230.0_10,car,0.9351686239242554,"[632, 148, 34, 23]"
230.0,230.0_21,car,0.930724561214447,"[443, 193, 40, 41]"
230.0,230.0_16,car,0.9049577713012695,"[382, 192, 31, 26]"
230.0,230.0_19,car,0.8836607933044434,"[636, 193, 55, 29]"
230.0,230.0_1,car,0.8736979961395264,"[238, 231, 58, 49]"
230.0,230.0_8,car,0.7417255640029907,"[589, 133, 24, 18]"
230.0,230.0_11,car,0.6518710255622864,"[394, 161, 28, 18]"
230.0,230.0_14,car,0.5640438795089722,"[441, 156, 29, 26]"
240.0,240.0_30,car,0.9841303825378418,"[627, 185, 43, 28]"
240.0,240.0_17,car,0.9722273945808411,"[621, 143, 33, 23]"
240.0,240.0_8,car,0.9686914086341858,"[372, 275, 69, 88]"
240.0,240.0_4,car,0.9518017768859863,"[210, 247, 67, 56]"
240.0,240.0_35,car,0.9110443592071533,"[442, 196, 45, 48]"
240.0,240.0_24,car,0.9049105644226074,"[391, 159, 29, 25]"
240.0,240.0_37,car,0.890581488609314,"[366, 221, 51, 50]"
240.0,240.0_33,car,0.8747912049293518,"[382, 193, 29, 31]"
240.0,240.0_9,car,0.8729851841926575,"[233, 407, 118, 65]"
240.0,240.0_26,car,0.7953404784202576,"[439, 157, 29, 25]"
240.0,240.0_13,car,0.7439103126525879,"[584, 126, 26, 19]"
240.0,240.0_29,car,0.604110598564148,"[438, 183, 31, 28]"
240.0,240.0_16,car,0.5691221356391907,"[409, 142, 31, 17]"
240.0,240.0_28,car,0.5675444006919861,"[440, 180, 31, 15]"
250.0,250.0_6,car,0.9950711131095886,"[170, 272, 85, 63]"
250.0,250.0_10,car,0.9890748858451843,"[381, 307, 73, 100]"
250.0,250.0_31,car,0.975667417049408,"[373, 202, 38, 30]"
250.0,250.0_23,car,0.9742178320884705,"[389, 166, 30, 26]"
250.0,250.0_0,car,0.9717296361923218,"[446, 205, 52, 51]"
250.0,250.0_28,car,0.9661343693733215,"[440, 187, 31, 25]"
250.0,250.0_4,car,0.9217726588249207,"[360, 234, 60, 53]"
250.0,250.0_16,car,0.8641237020492554,"[618, 143, 26, 20]"
250.0,250.0_19,car,0.863679051399231,"[374, 153, 23, 14]"
250.0,250.0_24,car,0.8186451196670532,"[441, 168, 25, 19]"
250.0,250.0_15,car,0.7999845743179321,"[436, 142, 20, 17]"
250.0,250.0_14,car,0.7453666925430298,"[410, 144, 24, 18]"
250.0,250.0_26,car,0.7383531332015991,"[611, 176, 41, 30]"
250.0,250.0_13,car,0.619539737701416,"[273, 140, 27, 26]"
260.0,260.0_8,car,0.9964050650596619,"[125, 303, 108, 76]"
260.0,260.0_34,car,0.9822447299957275,"[371, 210, 39, 30]"
260.0,260.0_25,car,0.9806888699531555,"[387, 167, 31, 27]"
260.0,260.0_27,car,0.9516996145248413,"[439, 167, 29, 25]"
260.0,260.0_5,car,0.9495562314987183,"[359, 249, 64, 61]"
260.0,260.0_13,car,0.9438519477844238,"[390, 347, 86, 123]"
260.0,260.0_30,car,0.9304491281509399,"[441, 193, 33, 31]"
260.0,260.0_22,car,0.9253530502319336,"[365, 154, 27, 17]"
260.0,260.0_2,car,0.9171041250228882,"[455, 218, 50, 51]"
260.0,260.0_18,car,0.8674213886260986,"[612, 140, 25, 19]"
260.0,260.0_16,car,0.8344583511352539,"[276, 143, 22, 19]"
260.0,260.0_17,car,0.8279819488525391,"[409, 144, 21, 15]"
260.0,260.0_28,car,0.8190203309059143,"[600, 167, 35, 25]"
260.0,260.0_23,car,0.7640101313591003,"[407, 151, 25, 16]"
260.0,260.0_24,car,0.7176204323768616,"[409, 162, 24, 16]"
260.0,260.0_14,car,0.5764418244361877,"[442, 126, 22, 13]"
260.0,260.0_15,car,0.5524021983146667,"[411, 137, 21, 12]"
270.0,270.0_35,car,0.9863707423210144,"[383, 174, 34, 29]"
270.0,270.0_44,car,0.9857527613639832,"[368, 218, 46, 36]"
270.0,270.0_40,car,0.9738221168518066,"[439, 199, 43, 36]"
270.0,270.0_5,car,0.9681981205940247,"[354, 258, 81, 68]"
270.0,270.0_36,car,0.9659260511398315,"[440, 173, 29, 26]"
270.0,270.0_29,car,0.953960120677948,"[354, 159, 33, 17]"
270.0,270.0_2,car,0.9155031442642212,"[457, 233, 61, 53]"
270.0,270.0_24,car,0.81354820728302,"[426, 144, 23, 16]"
270.0,270.0_32,car,0.7727240324020386,"[403, 156, 30, 25]"
270.0,270.0_25,car,0.7694085836410522,"[606, 139, 24, 19]"
270.0,270.0_23,car,0.6856415867805481,"[408, 143, 20, 14]"
270.0,270.0_22,car,0.6755709648132324,"[274, 142, 23, 21]"
270.0,270.0_14,car,0.6565595269203186,"[392, 393, 111, 79]"
270.0,270.0_16,car,0.6544902920722961,"[441, 127, 24, 14]"
270.0,270.0_26,car,0.6277080774307251,"[650, 144, 38, 20]"
270.0,270.0_18,car,0.5749304294586182,"[410, 136, 22, 13]"
270.0,270.0_17,car,0.5311545133590698,"[571, 125, 20, 16]"
280.0,280.0_28,car,0.9924854040145874,"[380, 176, 37, 31]"
280.0,280.0_38,car,0.9884994626045227,"[445, 209, 46, 38]"
280.0,280.0_41,car,0.9782542586326599,"[367, 226, 48, 40]"
280.0,280.0_7,car,0.9635814428329468,"[355, 280, 82, 75]"
280.0,280.0_30,car,0.9625136256217957,"[441, 176, 29, 27]"
280.0,280.0_25,car,0.9578855037689209,"[344, 160, 35, 20]"
280.0,280.0_13,car,0.8691999316215515,"[603, 134, 22, 18]"
280.0,280.0_27,car,0.8433939218521118,"[401, 157, 29, 26]"
280.0,280.0_3,car,0.8382173776626587,"[470, 249, 59, 60]"
280.0,280.0_15,car,0.7841604948043823,"[275, 143, 23, 19]"
280.0,280.0_17,car,0.7497988343238831,"[420, 145, 24, 17]"
280.0,280.0_18,car,0.6438944935798645,"[643, 143, 39, 20]"
280.0,280.0_11,car,0.6204653382301331,"[441, 127, 24, 14]"
280.0,280.0_16,car,0.5719693303108215,"[406, 144, 22, 14]"
280.0,280.0_12,car,0.5360320806503296,"[571, 127, 19, 14]"
290.0,290.0_37,car,0.990784227848053,"[448, 219, 51, 44]"
290.0,290.0_10,car,0.9889092445373535,"[354, 299, 83, 94]"
290.0,290.0_32,car,0.9847536087036133,"[378, 179, 38, 39]"
290.0,290.0_33,car,0.9817955493927002,"[441, 179, 33, 35]"
290.0,290.0_1,car,0.9636566638946533,"[362, 230, 59, 50]"
290.0,290.0_25,car,0.9497392773628235,"[334, 160, 39, 26]"
290.0,290.0_28,car,0.9173179864883423,"[398, 163, 33, 28]"
290.0,290.0_6,car,0.917251467704773,"[479, 252, 68, 81]"
290.0,290.0_18,car,0.8654376268386841,"[598, 133, 22, 16]"
290.0,290.0_30,person,0.7774715423583984,"[182, 184, 11, 26]"
290.0,290.0_20,car,0.7410207986831665,"[274, 142, 23, 19]"
290.0,290.0_24,car,0.6989636421203613,"[418, 151, 24, 17]"
290.0,290.0_22,car,0.6129418611526489,"[640, 141, 40, 21]"
290.0,290.0_16,car,0.6052289009094238,"[441, 126, 24, 16]"
290.0,290.0_21,car,0.5775394439697266,"[403, 144, 27, 15]"
290.0,290.0_17,car,0.5294463038444519,"[568, 127, 19, 12]"
300.0,300.0_33,car,0.991328239440918,"[327, 167, 38, 28]"
300.0,300.0_0,car,0.9889919757843018,"[455, 230, 59, 48]"
300.0,300.0_4,car,0.9881802797317505,"[366, 248, 57, 50]"
300.0,300.0_45,car,0.9878608584403992,"[442, 185, 38, 38]"
300.0,300.0_42,car,0.9874746203422546,"[373, 185, 44, 42]"
300.0,300.0_35,car,0.9668548107147217,"[398, 165, 31, 28]"
300.0,300.0_19,car,0.9662086963653564,"[355, 334, 90, 113]"
300.0,300.0_13,car,0.9078344702720642,"[492, 289, 86, 87]"
300.0,300.0_36,car,0.8308253288269043,"[663, 165, 33, 33]"
300.0,300.0_29,car,0.7903932929039001,"[630, 141, 41, 18]"
300.0,300.0_21,car,0.723579466342926,"[592, 127, 24, 17]"
300.0,300.0_27,car,0.6475918889045715,"[407, 144, 25, 15]"
300.0,300.0_20,car,0.6433111429214478,"[441, 126, 22, 16]"
300.0,300.0_26,car,0.6379795074462891,"[275, 142, 23, 18]"
300.0,300.0_22,car,0.6267656683921814,"[379, 137, 19, 12]"
310.0,310.0_5,car,0.9985071420669556,"[364, 261, 64, 57]"
310.0,310.0_40,car,0.9891007542610168,"[441, 193, 44, 39]"
310.0,310.0_3,car,0.9888909459114075,"[465, 245, 62, 53]"
310.0,310.0_38,car,0.9885277152061462,"[370, 193, 48, 44]"
310.0,310.0_30,car,0.9845244288444519,"[314, 173, 43, 31]"
310.0,310.0_11,car,0.974658727645874,"[355, 363, 106, 109]"
310.0,310.0_32,car,0.9627022743225098,"[398, 173, 29, 28]"
310.0,310.0_10,car,0.9433201551437378,"[519, 315, 95, 113]"
310.0,310.0_18,car,0.8766911029815674,"[443, 133, 20, 15]"
310.0,310.0_16,car,0.8757105469703674,"[378, 137, 21, 14]"
310.0,310.0_15,car,0.8154277205467224,"[588, 127, 23, 16]"
310.0,310.0_25,car,0.8088997006416321,"[406, 159, 30, 17]"
310.0,310.0_27,car,0.7666192650794983,"[645, 155, 44, 36]"
310.0,310.0_22,car,0.7653835415840149,"[406, 144, 21, 15]"
310.0,310.0_17,car,0.6829308867454529,"[410, 135, 19, 13]"
310.0,310.0_24,car,0.6580535173416138,"[403, 153, 27, 15]"
310.0,310.0_23,car,0.6005649566650391,"[625, 139, 34, 19]"
310.0,310.0_13,car,0.5940221548080444,"[409, 127, 19, 11]"
310.0,310.0_14,car,0.5725797414779663,"[443, 127, 20, 14]"
310.0,310.0_21,car,0.5329762697219849,"[275, 140, 23, 21]"
320.0,320.0_6,car,0.9976619482040405,"[367, 279, 65, 61]"
320.0,320.0_48,car,0.993455708026886,"[445, 203, 46, 40]"
320.0,320.0_3,car,0.9899793863296509,"[475, 262, 69, 61]"
320.0,320.0_44,car,0.9860392808914185,"[366, 204, 52, 44]"
320.0,320.0_33,car,0.9762431383132935,"[303, 183, 45, 33]"
320.0,320.0_12,car,0.9731290936470032,"[542, 351, 133, 121]"
320.0,320.0_15,car,0.9598632454872131,"[355, 425, 118, 50]"
320.0,320.0_32,car,0.9578538537025452,"[395, 171, 33, 36]"
320.0,320.0_31,car,0.9556447267532349,"[634, 157, 39, 25]"
320.0,320.0_17,car,0.8809841275215149,"[586, 125, 22, 17]"
320.0,320.0_29,car,0.8715494871139526,"[398, 153, 28, 16]"
320.0,320.0_20,car,0.8482197523117065,"[442, 134, 21, 17]"
320.0,320.0_28,car,0.8172712326049805,"[619, 138, 33, 21]"
320.0,320.0_30,car,0.7574211359024048,"[397, 159, 30, 24]"
320.0,320.0_24,car,0.7291133403778076,"[275, 141, 24, 20]"
320.0,320.0_19,car,0.7184248566627502,"[409, 135, 20, 13]"
320.0,320.0_18,car,0.6801842451095581,"[378, 136, 21, 15]"
320.0,320.0_25,car,0.5900881886482239,"[405, 144, 21, 14]"
320.0,320.0_16,car,0.5525524020195007,"[409, 128, 20, 12]"
320.0,320.0_26,car,0.5476343035697937,"[441, 141, 20, 16]"
330.0,330.0_10,car,0.9984086751937866,"[366, 303, 73, 73]"
330.0,330.0_8,car,0.9941137433052063,"[486, 288, 86, 71]"
330.0,330.0_49,car,0.9910470247268677,"[449, 211, 49, 46]"
330.0,330.0_45,car,0.9755637645721436,"[365, 213, 53, 48]"
330.0,330.0_34,car,0.9708048701286316,"[289, 193, 50, 36]"
330.0,330.0_25,car,0.9507728219032288,"[624, 150, 35, 27]"
330.0,330.0_31,car,0.8565173149108887,"[396, 177, 32, 41]"
330.0,330.0_22,car,0.8564664721488953,"[440, 140, 22, 19]"
330.0,330.0_14,car,0.8394002318382263,"[583, 125, 22, 15]"
330.0,330.0_20,car,0.8349807858467102,"[275, 142, 23, 18]"
330.0,330.0_21,car,0.7721208930015564,"[375, 144, 23, 13]"
330.0,330.0_29,person,0.7677459120750427,"[169, 185, 11, 27]"
330.0,330.0_18,car,0.7215729355812073,"[616, 136, 31, 17]"
330.0,330.0_12,car,0.6714648604393005,"[593, 415, 153, 61]"
330.0,330.0_23,car,0.6116544604301453,"[397, 154, 24, 15]"
330.0,330.0_15,car,0.5716203451156616,"[408, 136, 19, 13]"
330.0,330.0_13,car,0.5229029655456543,"[408, 128, 21, 12]"
340.0,340.0_13,car,0.9980060458183289,"[365, 333, 87, 84]"
340.0,340.0_5,car,0.993535041809082,"[455, 222, 55, 54]"
340.0,340.0_4,car,0.9927141666412354,"[366, 227, 57, 47]"
340.0,340.0_8,car,0.9875615835189819,"[506, 322, 99, 80]"
340.0,340.0_39,car,0.9504227042198181,"[271, 205, 53, 40]"
340.0,340.0_34,car,0.9495589137077332,"[387, 186, 41, 43]"
340.0,340.0_24,car,0.9474855661392212,"[440, 141, 23, 20]"
340.0,340.0_32,car,0.8526715636253357,"[657, 181, 55, 30]"
340.0,340.0_27,car,0.846274197101593,"[615, 145, 32, 27]"
340.0,340.0_26,car,0.7953163385391235,"[392, 155, 27, 15]"
340.0,340.0_22,car,0.7298693060874939,"[275, 141, 24, 19]"
340.0,340.0_20,car,0.6621842384338379,"[407, 135, 20, 15]"
340.0,340.0_29,car,0.5786713361740112,"[389, 171, 32, 17]"
340.0,340.0_19,car,0.5520298480987549,"[578, 122, 21, 17]"
340.0,340.0_23,car,0.5424832105636597,"[375, 143, 22, 15]"
340.0,340.0_30,person,0.5190244317054749,"[168, 185, 11, 26]"
340.0,340.0_18,car,0.5116111636161804,"[408, 126, 21, 14]"
350.0,350.0_12,car,0.9962801933288574,"[372, 364, 94, 107]"
350.0,350.0_5,car,0.9958926439285278,"[365, 238, 62, 53]"
350.0,350.0_6,car,0.9935876131057739,"[459, 239, 63, 55]"
350.0,350.0_15,car,0.9906050562858582,"[533, 359, 120, 108]"
350.0,350.0_35,car,0.9855031371116638,"[642, 171, 44, 29]"
350.0,350.0_33,car,0.9677084684371948,"[379, 177, 38, 26]"
350.0,350.0_39,car,0.9666195511817932,"[384, 193, 46, 48]"
350.0,350.0_2,car,0.9559057950973511,"[253, 219, 60, 43]"
350.0,350.0_29,car,0.9430522322654724,"[389, 160, 27, 18]"
350.0,350.0_25,car,0.9425252676010132,"[438, 140, 27, 26]"
350.0,350.0_26,car,0.9376372694969177,"[603, 138, 34, 28]"
350.0,350.0_21,car,0.7708392143249512,"[275, 141, 24, 19]"
350.0,350.0_19,car,0.7020472288131714,"[404, 135, 22, 17]"
350.0,350.0_22,car,0.6697030663490295,"[375, 143, 21, 17]"
350.0,350.0_18,car,0.6181896924972534,"[574, 122, 23, 15]"
350.0,350.0_17,car,0.5207359194755554,"[407, 126, 22, 14]"
360.0,360.0_8,car,0.9961404800415039,"[366, 252, 67, 62]"
360.0,360.0_9,car,0.9959841370582581,"[475, 259, 64, 60]"
360.0,360.0_31,car,0.9850409626960754,"[369, 186, 39, 28]"
360.0,360.0_0,car,0.9452090859413147,"[383, 204, 54, 50]"
360.0,360.0_25,car,0.939578115940094,"[437, 148, 27, 25]"
360.0,360.0_4,car,0.9383938908576965,"[230, 236, 69, 52]"
360.0,360.0_27,car,0.9323477149009705,"[385, 160, 31, 24]"
360.0,360.0_29,car,0.9133605360984802,"[626, 165, 41, 27]"
360.0,360.0_14,car,0.8904682397842407,"[371, 414, 104, 61]"
360.0,360.0_22,car,0.8874756097793579,"[598, 138, 32, 26]"
360.0,360.0_21,car,0.8272712230682373,"[403, 142, 21, 16]"
360.0,360.0_16,car,0.7251110672950745,"[571, 418, 123, 58]"
360.0,360.0_23,car,0.7146157026290894,"[373, 153, 23, 14]"
360.0,360.0_19,car,0.6855292320251465,"[274, 140, 24, 19]"
360.0,360.0_17,car,0.6785755157470703,"[570, 117, 22, 16]"
360.0,360.0_20,car,0.6021727919578552,"[376, 145, 20, 14]"
370.0,370.0_10,car,0.9963529706001282,"[479, 282, 87, 73]"
370.0,370.0_2,car,0.9945382475852966,"[204, 261, 80, 61]"
370.0,370.0_32,car,0.9932225942611694,"[357, 193, 43, 34]"
370.0,370.0_7,car,0.9929863810539246,"[364, 266, 75, 76]"
370.0,370.0_27,car,0.9697895646095276,"[384, 166, 29, 27]"
370.0,370.0_24,car,0.9447665810585022,"[607, 160, 41, 23]"
370.0,370.0_22,car,0.9397115111351013,"[436, 155, 30, 25]"
370.0,370.0_0,car,0.8846885561943054,"[385, 206, 54, 58]"
370.0,370.0_19,car,0.8073697686195374,"[368, 152, 27, 18]"
370.0,370.0_17,car,0.7431955337524414,"[274, 140, 24, 20]"
370.0,370.0_18,car,0.7428963780403137,"[401, 143, 23, 15]"
370.0,370.0_16,car,0.7258927226066589,"[653, 129, 36, 31]"
370.0,370.0_14,car,0.5780134797096252,"[567, 117, 22, 15]"
370.0,370.0_15,car,0.5078891515731812,"[593, 133, 31, 23]"
380.0,380.0_43,car,0.9933505654335022,"[346, 204, 46, 37]"
380.0,380.0_10,car,0.9917472004890442,"[365, 292, 85, 88]"
380.0,380.0_8,car,0.98878413438797,"[165, 293, 100, 82]"
380.0,380.0_15,car,0.9885045289993286,"[500, 316, 97, 81]"
380.0,380.0_32,car,0.9751885533332825,"[436, 158, 29, 28]"
380.0,380.0_34,car,0.940168559551239,"[383, 169, 28, 25]"
380.0,380.0_27,car,0.8747075796127319,"[367, 151, 25, 22]"
380.0,380.0_24,car,0.8638699054718018,"[274, 140, 24, 20]"
380.0,380.0_22,car,0.8256146907806396,"[646, 126, 46, 34]"
380.0,380.0_0,car,0.7871859669685364,"[385, 222, 55, 61]"
380.0,380.0_30,car,0.7839263677597046,"[598, 154, 29, 18]"
380.0,380.0_21,car,0.7495810389518738,"[587, 131, 32, 23]"
380.0,380.0_29,car,0.6670403480529785,"[398, 151, 20, 16]"
380.0,380.0_19,car,0.5334959626197815,"[405, 134, 22, 14]"
380.0,380.0_18,car,0.5203010439872742,"[405, 128, 21, 12]"
390.0,390.0_14,car,0.9963072538375854,"[527, 353, 118, 112]"
390.0,390.0_9,car,0.9938744306564331,"[112, 342, 127, 109]"
390.0,390.0_24,car,0.9923041462898254,"[436, 166, 34, 32]"
390.0,390.0_33,car,0.9909356832504272,"[331, 215, 52, 44]"
390.0,390.0_7,car,0.9904931783676147,"[375, 318, 90, 113]"
390.0,390.0_26,car,0.9801489114761353,"[378, 178, 33, 26]"
390.0,390.0_22,car,0.9128741025924683,"[364, 160, 29, 21]"
390.0,390.0_19,car,0.7814461588859558,"[275, 140, 24, 20]"
390.0,390.0_1,truck,0.7477379441261292,"[384, 232, 59, 80]"
390.0,390.0_17,truck,0.7379337549209595,"[641, 126, 46, 35]"
390.0,390.0_21,car,0.6865176558494568,"[390, 151, 24, 17]"
390.0,390.0_16,car,0.6237276792526245,"[405, 134, 22, 13]"
400.0,400.0_25,car,0.9914623498916626,"[374, 185, 35, 30]"
400.0,400.0_6,car,0.988703191280365,"[382, 361, 94, 109]"
400.0,400.0_27,car,0.9822870492935181,"[438, 179, 34, 32]"
400.0,400.0_1,car,0.9809474945068359,"[316, 235, 56, 48]"
400.0,400.0_10,car,0.9401787519454956,"[559, 402, 116, 75]"
400.0,400.0_20,car,0.8742695450782776,"[386, 152, 24, 18]"
400.0,400.0_16,truck,0.8691152334213257,"[635, 127, 54, 34]"
400.0,400.0_2,truck,0.8573146462440491,"[383, 260, 69, 83]"
400.0,400.0_22,car,0.8374752402305603,"[363, 168, 31, 19]"
400.0,400.0_19,car,0.790388822555542,"[444, 143, 24, 17]"
400.0,400.0_17,car,0.7834641337394714,"[274, 141, 23, 19]"
410.0,410.0_2,car,0.9952361583709717,"[300, 254, 60, 54]"
410.0,410.0_23,car,0.9879512786865234,"[371, 193, 39, 34]"
410.0,410.0_24,car,0.9843226671218872,"[438, 186, 40, 40]"
410.0,410.0_8,car,0.9530713558197021,"[379, 407, 119, 67]"
410.0,410.0_21,car,0.9099979400634766,"[365, 168, 31, 26]"
410.0,410.0_12,car,0.7850979566574097,"[274, 142, 25, 20]"
410.0,410.0_4,car,0.7634540796279907,"[384, 286, 79, 100]"
410.0,410.0_14,car,0.7334873080253601,"[361, 144, 23, 18]"
410.0,410.0_17,car,0.7200584411621094,"[443, 150, 25, 18]"
410.0,410.0_10,car,0.705210268497467,"[568, 107, 27, 15]"
410.0,410.0_11,truck,0.580116331577301,"[628, 127, 53, 35]"
410.0,410.0_18,car,0.5089789628982544,"[383, 159, 25, 18]"
420.0,420.0_2,car,0.9983131289482117,"[277, 277, 74, 63]"
420.0,420.0_23,car,0.9896425604820251,"[366, 203, 43, 32]"
420.0,420.0_30,car,0.9669778943061829,"[440, 199, 45, 46]"
420.0,420.0_20,car,0.9217876195907593,"[360, 176, 31, 28]"
420.0,420.0_12,car,0.9214464426040649,"[624, 128, 52, 34]"
420.0,420.0_9,car,0.7703644037246704,"[572, 129, 25, 21]"
420.0,420.0_19,car,0.7560264468193054,"[373, 163, 30, 16]"
420.0,420.0_17,car,0.700340211391449,"[441, 152, 28, 20]"
420.0,420.0_7,car,0.6850544214248657,"[390, 335, 88, 108]"
420.0,420.0_14,car,0.6662442684173584,"[272, 138, 29, 25]"
420.0,420.0_8,car,0.6533666849136353,"[568, 108, 27, 16]"
420.0,420.0_15,car,0.5207366943359375,"[384, 139, 31, 26]"
430.0,430.0_4,car,0.9966323375701904,"[245, 305, 96, 84]"
430.0,430.0_35,car,0.9897152781486511,"[364, 215, 49, 40]"
430.0,430.0_20,car,0.9582530856132507,"[624, 129, 38, 32]"
430.0,430.0_2,car,0.9438278675079346,"[448, 209, 52, 53]"
430.0,430.0_28,car,0.9436833262443542,"[442, 156, 28, 24]"
430.0,430.0_31,car,0.8886967301368713,"[359, 180, 34, 33]"
430.0,430.0_18,car,0.8339225053787231,"[570, 129, 22, 20]"
430.0,430.0_21,car,0.7424640655517578,"[275, 143, 24, 20]"
430.0,430.0_15,car,0.661485493183136,"[391, 353, 109, 115]"
430.0,430.0_23,car,0.6314458250999451,"[384, 140, 27, 28]"
430.0,430.0_17,car,0.623022198677063,"[437, 134, 20, 15]"
430.0,430.0_24,car,0.5992157459259033,"[412, 146, 20, 16]"
430.0,430.0_16,car,0.5783776044845581,"[570, 109, 24, 14]"
440.0,440.0_5,car,0.9978028535842896,"[213, 347, 104, 108]"
440.0,440.0_37,car,0.9671112298965454,"[366, 224, 47, 43]"
440.0,440.0_28,car,0.9664303064346313,"[442, 164, 30, 24]"
440.0,440.0_32,car,0.9660988450050354,"[356, 189, 35, 34]"
440.0,440.0_16,car,0.9433907270431519,"[624, 127, 33, 34]"
440.0,440.0_36,car,0.9009197950363159,"[651, 198, 37, 31]"
440.0,440.0_26,car,0.8926595449447632,"[355, 170, 34, 23]"
440.0,440.0_8,car,0.825655996799469,"[396, 403, 120, 74]"
440.0,440.0_3,car,0.8105493783950806,"[452, 236, 61, 53]"
440.0,440.0_17,car,0.6974257230758667,"[275, 142, 24, 21]"
440.0,440.0_23,car,0.6744826436042786,"[412, 150, 24, 16]"
440.0,440.0_21,car,0.640386700630188,"[339, 155, 33, 16]"
440.0,440.0_12,car,0.6156157851219177,"[569, 108, 23, 15]"
440.0,440.0_14,car,0.6033935546875,"[568, 128, 22, 21]"
440.0,440.0_22,car,0.5260719656944275,"[380, 148, 29, 26]"
450.0,450.0_33,car,0.9907896518707275,"[351, 198, 43, 37]"
450.0,450.0_19,car,0.97994464635849,"[344, 177, 37, 23]"
450.0,450.0_1,car,0.9543799757957458,"[362, 240, 60, 46]"
450.0,450.0_16,car,0.949601411819458,"[440, 168, 32, 26]"
450.0,450.0_29,car,0.8871822953224182,"[638, 189, 44, 34]"
450.0,450.0_9,car,0.8483572602272034,"[617, 125, 37, 35]"
450.0,450.0_4,car,0.8447781801223755,"[467, 263, 68, 68]"
450.0,450.0_5,car,0.6951106786727905,"[177, 408, 120, 67]"
450.0,450.0_10,car,0.6577183604240417,"[274, 142, 23, 21]"
450.0,450.0_13,car,0.6419509053230286,"[374, 148, 32, 27]"
450.0,450.0_8,car,0.5909546613693237,"[570, 108, 21, 15]"
450.0,450.0_14,car,0.5128822922706604,"[340, 161, 25, 15]"
460.0,460.0_4,car,0.9946843385696411,"[363, 256, 66, 51]"
460.0,460.0_32,car,0.9942460060119629,"[334, 181, 36, 28]"
460.0,460.0_38,car,0.9871687889099121,"[353, 206, 41, 41]"
460.0,460.0_26,car,0.9805390238761902,"[436, 174, 37, 30]"
460.0,460.0_22,car,0.9616235494613647,"[370, 158, 38, 26]"
460.0,460.0_19,car,0.917252779006958,"[415, 154, 27, 17]"
460.0,460.0_27,car,0.9074852466583252,"[616, 178, 44, 28]"
460.0,460.0_12,car,0.8916801810264587,"[478, 285, 97, 96]"
460.0,460.0_21,car,0.8886219263076782,"[332, 159, 31, 24]"
460.0,460.0_15,car,0.8541329503059387,"[617, 127, 33, 32]"
460.0,460.0_16,car,0.8010424971580505,"[274, 142, 22, 21]"
460.0,460.0_18,car,0.7422371506690979,"[435, 143, 23, 15]"
470.0,470.0_2,car,0.998650848865509,"[363, 278, 70, 55]"
470.0,470.0_26,car,0.9897218942642212,"[325, 187, 32, 28]"
470.0,470.0_27,car,0.9890837669372559,"[434, 184, 43, 32]"
470.0,470.0_32,car,0.9672512412071228,"[352, 215, 46, 46]"
470.0,470.0_23,car,0.9392101764678955,"[607, 174, 37, 24]"
470.0,470.0_18,car,0.9304125905036926,"[324, 164, 33, 25]"
470.0,470.0_9,car,0.9052410125732422,"[614, 127, 31, 32]"
470.0,470.0_19,car,0.8973801136016846,"[371, 163, 32, 27]"
470.0,470.0_8,car,0.8844864964485168,"[512, 349, 116, 116]"
470.0,470.0_11,car,0.8494436740875244,"[274, 142, 23, 21]"
470.0,470.0_16,car,0.8307136297225952,"[419, 158, 25, 21]"
470.0,470.0_13,car,0.7039750814437866,"[435, 143, 22, 16]"
480.0,480.0_2,car,0.9945541620254517,"[361, 301, 83, 70]"
480.0,480.0_23,car,0.9778152704238892,"[435, 192, 44, 36]"
480.0,480.0_21,car,0.9713155031204224,"[310, 194, 39, 32]"
480.0,480.0_13,car,0.9638373851776123,"[368, 167, 34, 27]"
480.0,480.0_12,car,0.9497116208076477,"[316, 168, 32, 26]"
480.0,480.0_34,car,0.947428286075592,"[350, 227, 48, 49]"
480.0,480.0_19,car,0.889252245426178,"[428, 178, 36, 23]"
480.0,480.0_4,car,0.850111186504364,"[610, 126, 32, 31]"
480.0,480.0_15,car,0.8376860618591309,"[599, 165, 30, 24]"
480.0,480.0_6,car,0.7166544198989868,"[274, 142, 23, 21]"
480.0,480.0_10,car,0.6923803687095642,"[422, 162, 26, 17]"
480.0,480.0_8,car,0.5015275478363037,"[435, 143, 23, 17]"
490.0,490.0_3,car,0.9911654591560364,"[367, 334, 86, 83]"
490.0,490.0_24,car,0.9902673959732056,"[439, 204, 48, 37]"
490.0,490.0_20,car,0.9821608066558838,"[292, 198, 46, 38]"
490.0,490.0_1,car,0.975891649723053,"[346, 241, 55, 54]"
490.0,490.0_15,car,0.9749918580055237,"[427, 187, 38, 25]"
490.0,490.0_14,car,0.9600749015808105,"[363, 169, 34, 33]"
490.0,490.0_13,car,0.953373908996582,"[306, 174, 36, 25]"
490.0,490.0_11,car,0.8123090863227844,"[426, 170, 26, 19]"
490.0,490.0_7,car,0.7914896607398987,"[605, 126, 34, 29]"
490.0,490.0_6,car,0.5953531265258789,"[440, 124, 25, 17]"
490.0,490.0_9,car,0.552547812461853,"[274, 143, 23, 19]"
500.0,500.0_5,car,0.9930484890937805,"[371, 378, 106, 94]"
500.0,500.0_37,car,0.9899469017982483,"[446, 215, 54, 44]"
500.0,500.0_1,car,0.9885589480400085,"[346, 260, 61, 58]"
500.0,500.0_20,car,0.9855731129646301,"[357, 173, 36, 36]"
500.0,500.0_28,car,0.984893798828125,"[425, 198, 43, 32]"
500.0,500.0_24,car,0.9654442667961121,"[294, 179, 43, 31]"
500.0,500.0_35,car,0.9562031030654907,"[273, 211, 47, 44]"
500.0,500.0_14,car,0.8734129667282104,"[340, 156, 32, 25]"
500.0,500.0_9,car,0.8726320862770081,"[605, 127, 31, 26]"
500.0,500.0_17,car,0.864262580871582,"[426, 169, 30, 26]"
500.0,500.0_16,car,0.7133433222770691,"[659, 151, 33, 32]"
500.0,500.0_11,car,0.6744340062141418,"[432, 152, 26, 17]"
500.0,500.0_7,car,0.5797076225280762,"[569, 108, 23, 16]"
500.0,500.0_10,car,0.5578232407569885,"[360, 144, 23, 15]"
500.0,500.0_8,car,0.5162381529808044,"[441, 125, 24, 15]"
510.0,510.0_4,car,0.9870563745498657,"[345, 282, 69, 68]"
510.0,510.0_24,car,0.9854635000228882,"[353, 180, 38, 36]"
510.0,510.0_30,car,0.985136866569519,"[429, 208, 44, 37]"
510.0,510.0_20,car,0.9848986864089966,"[425, 177, 33, 29]"
510.0,510.0_22,car,0.9800019264221191,"[282, 186, 46, 30]"
510.0,510.0_43,car,0.9719817042350769,"[458, 243, 54, 38]"
510.0,510.0_40,car,0.9502843022346497,"[255, 219, 49, 44]"
510.0,510.0_17,car,0.9163157939910889,"[336, 159, 31, 25]"
510.0,510.0_15,car,0.8589916825294495,"[649, 144, 38, 34]"
510.0,510.0_12,car,0.8288882374763489,"[226, 153, 46, 22]"
510.0,510.0_5,car,0.7194902896881104,"[381, 434, 127, 40]"
510.0,510.0_10,car,0.6878535747528076,"[358, 145, 22, 17]"
510.0,510.0_13,car,0.6863661408424377,"[424, 150, 32, 24]"
510.0,510.0_7,car,0.6664205193519592,"[600, 119, 32, 31]"
510.0,510.0_6,car,0.6561855673789978,"[569, 108, 24, 16]"
510.0,510.0_8,car,0.6462002396583557,"[394, 135, 21, 13]"
510.0,510.0_9,car,0.5258974432945251,"[274, 142, 23, 20]"
520.0,520.0_38,car,0.9955136179924011,"[426, 185, 36, 31]"
520.0,520.0_11,car,0.9913967847824097,"[349, 308, 81, 88]"
520.0,520.0_6,car,0.9890144467353821,"[467, 255, 62, 49]"
520.0,520.0_48,car,0.9868416786193848,"[433, 220, 48, 47]"
520.0,520.0_41,car,0.9861606955528259,"[272, 191, 48, 35]"
520.0,520.0_43,car,0.9807310700416565,"[347, 185, 42, 39]"
520.0,520.0_26,car,0.973220944404602,"[640, 146, 44, 28]"
520.0,520.0_53,car,0.9688293933868408,"[231, 234, 56, 42]"
520.0,520.0_35,car,0.9682251811027527,"[329, 166, 34, 24]"
520.0,520.0_24,car,0.9473214149475098,"[226, 153, 52, 22]"
520.0,520.0_13,car,0.9136873483657837,"[597, 121, 30, 28]"
520.0,520.0_25,car,0.8853638172149658,"[354, 150, 21, 19]"
520.0,520.0_14,car,0.8753788471221924,"[394, 136, 20, 14]"
520.0,520.0_30,car,0.8576759696006775,"[425, 158, 31, 22]"
520.0,520.0_12,car,0.6807741522789001,"[568, 107, 25, 17]"
520.0,520.0_20,car,0.6699020266532898,"[273, 141, 25, 21]"
520.0,520.0_17,car,0.5742018818855286,"[439, 129, 27, 26]"
520.0,520.0_22,car,0.530518114566803,"[566, 145, 24, 17]"
520.0,520.0_15,car,0.5094844102859497,"[417, 134, 21, 17]"
530.0,530.0_6,car,0.9945336580276489,"[475, 279, 76, 60]"
530.0,530.0_45,car,0.9908698797225952,"[256, 198, 51, 39]"
530.0,530.0_50,car,0.9893925786018372,"[430, 197, 39, 34]"
530.0,530.0_4,car,0.9893091917037964,"[437, 240, 59, 49]"
530.0,530.0_37,car,0.9889651536941528,"[321, 169, 36, 27]"
530.0,530.0_2,car,0.9866654276847839,"[209, 245, 62, 53]"
530.0,530.0_28,car,0.9773869514465332,"[224, 152, 55, 23]"
530.0,530.0_16,car,0.974976658821106,"[355, 341, 83, 102]"
530.0,530.0_48,car,0.9730759859085083,"[337, 191, 50, 48]"
530.0,530.0_26,car,0.9484045505523682,"[630, 140, 42, 30]"
530.0,530.0_35,car,0.880648136138916,"[425, 160, 32, 25]"
530.0,530.0_30,car,0.8425558805465698,"[343, 151, 32, 22]"
530.0,530.0_20,car,0.8319809436798096,"[390, 134, 21, 17]"
530.0,530.0_19,car,0.8143918514251709,"[593, 119, 31, 30]"
530.0,530.0_22,car,0.744158148765564,"[273, 142, 25, 20]"
530.0,530.0_25,car,0.7267328500747681,"[437, 135, 28, 29]"
530.0,530.0_21,car,0.574288010597229,"[413, 134, 20, 14]"
530.0,530.0_17,car,0.5639873743057251,"[568, 107, 26, 17]"
540.0,540.0_2,car,0.9970868229866028,"[176, 263, 73, 58]"
540.0,540.0_4,car,0.996139645576477,"[442, 260, 72, 61]"
540.0,540.0_18,car,0.9951227903366089,"[358, 383, 106, 89]"
540.0,540.0_35,car,0.9949319362640381,"[313, 175, 40, 29]"
540.0,540.0_12,car,0.9940639734268188,"[495, 315, 96, 76]"
540.0,540.0_41,car,0.9918693900108337,"[432, 207, 45, 38]"
540.0,540.0_1,car,0.9840278625488281,"[328, 203, 55, 46]"
540.0,540.0_44,car,0.983047604560852,"[243, 211, 49, 41]"
540.0,540.0_32,car,0.9776715040206909,"[425, 168, 33, 24]"
540.0,540.0_25,car,0.9760810136795044,"[618, 136, 41, 31]"
540.0,540.0_27,car,0.9695621132850647,"[222, 152, 66, 25]"
540.0,540.0_31,car,0.9346365928649902,"[342, 154, 28, 25]"
540.0,540.0_23,car,0.8753080368041992,"[389, 143, 20, 16]"
540.0,540.0_20,car,0.8191801905632019,"[588, 119, 31, 27]"
540.0,540.0_19,car,0.7233771681785583,"[409, 126, 28, 16]"
540.0,540.0_24,car,0.6268917322158813,"[436, 136, 29, 29]"
540.0,540.0_22,car,0.6226756572723389,"[272, 141, 25, 20]"
540.0,540.0_21,car,0.5679360032081604,"[388, 136, 20, 16]"
550.0,550.0_7,car,0.9978126287460327,"[136, 292, 90, 64]"
550.0,550.0_8,car,0.9976469278335571,"[458, 293, 85, 71]"
550.0,550.0_13,car,0.9946215748786926,"[524, 358, 116, 106]"
550.0,550.0_3,car,0.9921939373016357,"[222, 221, 59, 42]"
550.0,550.0_35,car,0.9887619614601135,"[306, 180, 41, 31]"
550.0,550.0_49,car,0.9867849349975586,"[439, 221, 50, 42]"
550.0,550.0_1,car,0.9840043187141418,"[319, 211, 57, 51]"
550.0,550.0_32,car,0.9812988042831421,"[428, 174, 31, 26]"
550.0,550.0_21,car,0.9743045568466187,"[614, 137, 34, 26]"
550.0,550.0_28,car,0.9585049748420715,"[335, 157, 32, 25]"
550.0,550.0_33,car,0.9566656351089478,"[640, 172, 46, 32]"
550.0,550.0_22,car,0.925198495388031,"[224, 152, 69, 26]"
550.0,550.0_17,car,0.9250028133392334,"[582, 119, 29, 26]"
550.0,550.0_20,car,0.7468634843826294,"[434, 138, 31, 28]"
550.0,550.0_51,car,0.6517592668533325,"[377, 454, 88, 24]"
550.0,550.0_18,car,0.5792691111564636,"[384, 143, 24, 19]"
550.0,550.0_15,car,0.5712761878967285,"[567, 108, 24, 13]"
550.0,550.0_23,car,0.5491088628768921,"[437, 153, 26, 18]"
550.0,550.0_19,car,0.5446130633354187,"[406, 143, 21, 16]"
560.0,560.0_15,car,0.998577892780304,"[485, 332, 106, 96]"
560.0,560.0_44,car,0.9958958029747009,"[298, 189, 43, 34]"
560.0,560.0_2,car,0.9944586753845215,"[314, 224, 63, 58]"
560.0,560.0_7,car,0.9942405223846436,"[445, 238, 60, 45]"
560.0,560.0_1,car,0.992509663105011,"[205, 232, 60, 48]"
560.0,560.0_41,car,0.9805208444595337,"[429, 173, 32, 35]"
560.0,560.0_35,car,0.9729002714157104,"[330, 158, 31, 29]"
560.0,560.0_28,car,0.9625186920166016,"[609, 136, 31, 23]"
560.0,560.0_33,car,0.9432215094566345,"[234, 155, 58, 24]"
560.0,560.0_38,car,0.9088753461837769,"[621, 164, 42, 28]"
560.0,560.0_31,car,0.8905106782913208,"[434, 143, 31, 34]"
560.0,560.0_22,car,0.8657053112983704,"[378, 142, 23, 20]"
560.0,560.0_24,car,0.7789292931556702,"[403, 143, 22, 18]"
560.0,560.0_17,car,0.7340693473815918,"[579, 125, 27, 19]"
560.0,560.0_46,car,0.6382426619529724,"[632, 193, 42, 26]"
560.0,560.0_19,car,0.589910626411438,"[401, 130, 28, 26]"
570.0,570.0_2,car,0.9980913996696472,"[180, 246, 70, 53]"
570.0,570.0_8,car,0.9973048567771912,"[453, 256, 74, 54]"
570.0,570.0_51,car,0.9964374303817749,"[290, 194, 46, 37]"
570.0,570.0_39,car,0.9920734763145447,"[325, 166, 32, 27]"
570.0,570.0_18,car,0.9902344346046448,"[517, 384, 134, 90]"
570.0,570.0_42,car,0.9891387820243835,"[428, 183, 35, 32]"
570.0,570.0_4,car,0.9809996485710144,"[304, 239, 67, 64]"
570.0,570.0_31,car,0.971235454082489,"[237, 153, 57, 24]"
570.0,570.0_25,car,0.9410051703453064,"[599, 131, 31, 25]"
570.0,570.0_32,car,0.9391232132911682,"[373, 151, 23, 18]"
570.0,570.0_34,car,0.7611824870109558,"[431, 142, 33, 36]"
570.0,570.0_38,car,0.662540853023529,"[607, 156, 37, 29]"
570.0,570.0_21,car,0.6209860444068909,"[403, 106, 21, 13]"
570.0,570.0_28,car,0.6044591069221497,"[397, 143, 23, 19]"
570.0,570.0_26,car,0.5892391204833984,"[374, 143, 23, 18]"
570.0,570.0_23,car,0.5853217244148254,"[405, 126, 21, 15]"
570.0,570.0_24,car,0.5703005790710449,"[574, 125, 21, 16]"
570.0,570.0_22,car,0.5460479259490967,"[572, 112, 29, 27]"
570.0,570.0_41,motorbike,0.5448758006095886,"[396, 184, 12, 21]"
570.0,570.0_40,car,0.5283752679824829,"[608, 178, 39, 23]"
580.0,580.0_0,car,0.9983583092689514,"[148, 262, 89, 61]"
580.0,580.0_14,car,0.9939147233963013,"[471, 283, 80, 65]"
580.0,580.0_31,car,0.9931933283805847,"[316, 169, 35, 26]"
580.0,580.0_37,car,0.9895110130310059,"[282, 199, 50, 41]"
580.0,580.0_35,car,0.9867033958435059,"[429, 192, 40, 31]"
580.0,580.0_24,car,0.9839627742767334,"[238, 152, 57, 23]"
580.0,580.0_10,car,0.9796139597892761,"[286, 259, 79, 79]"
580.0,580.0_26,car,0.9484109282493591,"[367, 148, 28, 23]"
580.0,580.0_30,car,0.8838430047035217,"[428, 148, 37, 43]"
580.0,580.0_21,car,0.8803769946098328,"[595, 131, 30, 26]"
580.0,580.0_27,car,0.8078133463859558,"[396, 150, 22, 17]"
580.0,580.0_20,car,0.6809136271476746,"[403, 127, 22, 15]"
580.0,580.0_19,car,0.5955641865730286,"[408, 108, 20, 11]"
580.0,580.0_34,person,0.5604762434959412,"[392, 186, 12, 25]"
590.0,590.0_16,car,0.996376633644104,"[489, 318, 99, 78]"
590.0,590.0_32,car,0.9906001687049866,"[308, 172, 38, 33]"
590.0,590.0_38,car,0.9854133725166321,"[276, 208, 48, 41]"
590.0,590.0_37,car,0.9795883297920227,"[432, 200, 42, 35]"
590.0,590.0_9,car,0.970180094242096,"[275, 276, 82, 99]"
590.0,590.0_26,car,0.963600754737854,"[241, 150, 58, 23]"
590.0,590.0_27,car,0.9101537466049194,"[361, 148, 30, 27]"
590.0,590.0_31,car,0.8916321396827698,"[430, 156, 37, 42]"
590.0,590.0_24,car,0.8737055063247681,"[392, 139, 27, 27]"
590.0,590.0_22,car,0.7723392248153687,"[586, 126, 32, 32]"
590.0,590.0_18,car,0.7690221667289734,"[414, 108, 19, 11]"
590.0,590.0_20,car,0.6422461867332458,"[375, 116, 29, 29]"
590.0,590.0_21,car,0.5349621772766113,"[403, 128, 21, 15]"
600.0,600.0_21,car,0.9934021234512329,"[521, 365, 125, 104]"
600.0,600.0_36,car,0.9929190874099731,"[298, 180, 41, 32]"
600.0,600.0_19,car,0.9921852946281433,"[250, 319, 96, 109]"
600.0,600.0_29,car,0.9810194969177246,"[242, 150, 58, 24]"
600.0,600.0_43,car,0.9808502197265625,"[433, 211, 49, 42]"
600.0,600.0_33,car,0.9749207496643066,"[358, 155, 30, 25]"
600.0,600.0_4,car,0.9724165201187134,"[261, 219, 58, 45]"
600.0,600.0_24,car,0.9176152944564819,"[420, 107, 20, 13]"
600.0,600.0_28,car,0.9104499220848083,"[388, 139, 30, 28]"
600.0,600.0_34,car,0.8235227465629578,"[430, 152, 40, 55]"
600.0,600.0_27,car,0.8181450366973877,"[581, 124, 30, 33]"
600.0,600.0_31,car,0.7216265797615051,"[386, 152, 27, 20]"
600.0,600.0_25,car,0.5791417956352234,"[374, 117, 31, 27]"
610.0,610.0_15,car,0.9922928810119629,"[220, 352, 114, 118]"
610.0,610.0_31,car,0.9883321523666382,"[288, 186, 44, 36]"
610.0,610.0_26,car,0.9871377348899841,"[352, 156, 32, 30]"
610.0,610.0_23,car,0.9832914471626282,"[247, 150, 53, 24]"
610.0,610.0_6,car,0.9669870138168335,"[252, 228, 58, 54]"
610.0,610.0_25,car,0.9654584527015686,"[383, 147, 29, 28]"
610.0,610.0_7,car,0.9104019403457642,"[438, 222, 53, 49]"
610.0,610.0_16,car,0.871604323387146,"[423, 108, 19, 13]"
610.0,610.0_21,car,0.8323056697845459,"[569, 126, 37, 31]"
610.0,610.0_2,car,0.6766819953918457,"[422, 160, 51, 54]"
610.0,610.0_19,car,0.6649365425109863,"[394, 134, 27, 18]"
610.0,610.0_35,motorbike,0.6433126926422119,"[386, 223, 17, 38]"
610.0,610.0_17,car,0.6011432409286499,"[372, 117, 32, 29]"
620.0,620.0_25,car,0.9937797784805298,"[276, 191, 47, 37]"
620.0,620.0_7,car,0.9916526675224304,"[242, 244, 60, 58]"
620.0,620.0_24,car,0.9886386394500732,"[344, 159, 35, 36]"
620.0,620.0_18,car,0.9875254034996033,"[247, 149, 55, 24]"
620.0,620.0_8,car,0.9683170914649963,"[444, 237, 62, 53]"
620.0,620.0_14,car,0.9002305865287781,"[426, 107, 21, 15]"
620.0,620.0_15,car,0.8733726739883423,"[566, 120, 36, 25]"
620.0,620.0_20,car,0.8575920462608337,"[383, 146, 29, 29]"
620.0,620.0_0,car,0.8274141550064087,"[425, 164, 52, 64]"
620.0,620.0_30,car,0.7782747149467468,"[385, 235, 22, 42]"
620.0,620.0_16,car,0.7452426552772522,"[394, 134, 26, 17]"
630.0,630.0_8,car,0.9983941316604614,"[215, 267, 80, 66]"
630.0,630.0_25,car,0.9880967140197754,"[263, 199, 47, 42]"
630.0,630.0_22,car,0.9838981628417969,"[339, 170, 36, 32]"
630.0,630.0_6,car,0.9833707213401794,"[449, 260, 72, 60]"
630.0,630.0_16,car,0.978400468826294,"[249, 149, 53, 24]"
630.0,630.0_18,car,0.9591338634490967,"[375, 157, 32, 29]"
630.0,630.0_30,motorbike,0.9552894830703735,"[387, 269, 22, 44]"
630.0,630.0_15,car,0.9206677675247192,"[382, 138, 31, 25]"
630.0,630.0_3,car,0.8343163728713989,"[425, 172, 56, 69]"
630.0,630.0_11,car,0.6588335037231445,"[429, 107, 21, 15]"
630.0,630.0_12,car,0.5534346103668213,"[372, 119, 31, 28]"
630.0,630.0_13,car,0.5281102061271667,"[391, 136, 24, 17]"
640.0,640.0_5,car,0.9960560202598572,"[189, 292, 92, 73]"
640.0,640.0_29,car,0.9925348162651062,"[249, 213, 51, 40]"
640.0,640.0_20,car,0.9876426458358765,"[369, 161, 31, 31]"
640.0,640.0_21,car,0.9864497184753418,"[332, 172, 40, 36]"
640.0,640.0_17,car,0.9791823029518127,"[249, 149, 53, 24]"
640.0,640.0_7,car,0.9690529704093933,"[463, 285, 80, 77]"
640.0,640.0_33,motorbike,0.9615921974182129,"[389, 309, 25, 53]"
640.0,640.0_16,car,0.9228659868240356,"[384, 140, 28, 24]"
640.0,640.0_1,truck,0.8102580904960632,"[434, 174, 58, 81]"
640.0,640.0_14,car,0.7807711362838745,"[373, 121, 33, 26]"
640.0,640.0_13,car,0.6785632371902466,"[430, 108, 20, 15]"
640.0,640.0_22,car,0.6285645961761475,"[663, 170, 58, 34]"
650.0,650.0_5,car,0.9969661235809326,"[173, 318, 94, 97]"
650.0,650.0_28,car,0.9918431639671326,"[363, 163, 33, 35]"
650.0,650.0_39,car,0.991208553314209,"[230, 223, 53, 44]"
650.0,650.0_18,car,0.9873483180999756,"[481, 326, 94, 92]"
650.0,650.0_25,car,0.9751611351966858,"[254, 150, 51, 24]"
650.0,650.0_33,car,0.9617835879325867,"[323, 179, 44, 39]"
650.0,650.0_23,car,0.9127750992774963,"[384, 142, 25, 24]"
650.0,650.0_20,car,0.8921304941177368,"[436, 117, 21, 11]"
650.0,650.0_1,truck,0.8742654919624329,"[437, 186, 62, 88]"
650.0,650.0_19,motorbike,0.8701081275939941,"[392, 361, 43, 70]"
650.0,650.0_30,car,0.8700952529907227,"[639, 160, 53, 34]"
650.0,650.0_21,car,0.7167876362800598,"[375, 121, 31, 26]"
650.0,650.0_41,person,0.6211280226707458,"[396, 345, 36, 40]"
660.0,660.0_8,car,0.9966208934783936,"[119, 361, 126, 115]"
660.0,660.0_6,car,0.9946412444114685,"[206, 236, 65, 53]"
660.0,660.0_25,car,0.9931718707084656,"[354, 171, 41, 38]"
660.0,660.0_19,car,0.9840077757835388,"[254, 151, 51, 23]"
660.0,660.0_13,car,0.9813909530639648,"[508, 377, 126, 97]"
660.0,660.0_28,car,0.9708222150802612,"[315, 190, 45, 38]"
660.0,660.0_14,person,0.9635313749313354,"[406, 426, 55, 48]"
660.0,660.0_24,car,0.9553098082542419,"[620, 154, 51, 31]"
660.0,660.0_22,car,0.9463189840316772,"[383, 147, 26, 25]"
660.0,660.0_16,car,0.9278944730758667,"[437, 117, 21, 14]"
660.0,660.0_4,truck,0.8862689733505249,"[442, 199, 74, 97]"
660.0,660.0_17,car,0.882983922958374,"[375, 121, 32, 27]"
660.0,660.0_15,car,0.5496582388877869,"[436, 109, 21, 15]"
670.0,670.0_3,car,0.9987239241600037,"[179, 252, 75, 58]"
670.0,670.0_20,car,0.984169602394104,"[345, 176, 45, 43]"
670.0,670.0_12,car,0.9797282218933105,"[252, 151, 55, 24]"
670.0,670.0_13,car,0.9762403964996338,"[374, 151, 35, 25]"
670.0,670.0_25,car,0.957204282283783,"[305, 202, 50, 43]"
670.0,670.0_8,car,0.9380583167076111,"[438, 116, 22, 17]"
670.0,670.0_15,car,0.9286330342292786,"[613, 149, 33, 29]"
670.0,670.0_9,car,0.7398831248283386,"[373, 126, 37, 32]"
670.0,670.0_6,truck,0.715863823890686,"[451, 221, 87, 114]"
670.0,670.0_7,car,0.5662463307380676,"[571, 106, 24, 15]"
670.0,670.0_18,car,0.5212209820747375,"[352, 167, 35, 25]"
680.0,680.0_5,car,0.9981939196586609,"[156, 272, 83, 66]"
680.0,680.0_18,car,0.9887309670448303,"[374, 154, 32, 29]"
680.0,680.0_15,car,0.9826205372810364,"[254, 151, 54, 23]"
680.0,680.0_21,car,0.9669619202613831,"[338, 182, 47, 49]"
680.0,680.0_27,car,0.9641899466514587,"[299, 213, 48, 47]"
680.0,680.0_17,car,0.9152191281318665,"[598, 145, 32, 27]"
680.0,680.0_9,car,0.8250434398651123,"[437, 117, 21, 17]"
680.0,680.0_19,car,0.8150386810302734,"[346, 166, 34, 28]"
680.0,680.0_12,car,0.809297502040863,"[378, 128, 34, 30]"
680.0,680.0_8,truck,0.7992358207702637,"[462, 252, 109, 125]"
690.0,690.0_29,car,0.9899587631225586,"[364, 158, 40, 29]"
690.0,690.0_28,car,0.9743001461029053,"[253, 151, 55, 23]"
690.0,690.0_36,car,0.9739023447036743,"[331, 197, 50, 43]"
690.0,690.0_32,car,0.9639538526535034,"[332, 178, 41, 22]"
690.0,690.0_0,car,0.946926474571228,"[285, 225, 59, 54]"
690.0,690.0_21,car,0.9143974781036377,"[438, 123, 22, 16]"
690.0,690.0_24,car,0.8898998498916626,"[377, 128, 36, 32]"
690.0,690.0_14,bus,0.8667263984680176,"[475, 264, 137, 162]"
690.0,690.0_26,car,0.7176088690757751,"[585, 141, 32, 25]"
690.0,690.0_17,car,0.6107036471366882,"[568, 106, 26, 17]"
690.0,690.0_20,car,0.5511817932128906,"[384, 126, 26, 14]"
690.0,690.0_22,car,0.509425938129425,"[273, 134, 25, 17]"
700.0,700.0_21,car,0.993228554725647,"[360, 161, 40, 33]"
700.0,700.0_19,car,0.9779568314552307,"[254, 151, 56, 23]"
700.0,700.0_1,car,0.9749506115913391,"[275, 241, 63, 60]"
700.0,700.0_27,car,0.9440280199050903,"[323, 184, 39, 26]"
700.0,700.0_14,car,0.9353484511375427,"[375, 130, 40, 30]"
700.0,700.0_11,car,0.9228387475013733,"[437, 123, 23, 18]"
700.0,700.0_0,car,0.8799121975898743,"[320, 206, 58, 50]"
700.0,700.0_8,bus,0.7387961745262146,"[506, 296, 160, 188]"
700.0,700.0_25,car,0.7324475646018982,"[678, 173, 40, 30]"
700.0,700.0_10,car,0.6575353741645813,"[568, 104, 27, 19]"
710.0,710.0_24,car,0.9767047166824341,"[354, 169, 44, 34]"
710.0,710.0_20,car,0.9711303114891052,"[254, 151, 57, 24]"
710.0,710.0_4,car,0.9639643430709839,"[257, 262, 74, 69]"
710.0,710.0_28,car,0.952951967716217,"[311, 190, 46, 31]"
710.0,710.0_1,car,0.9152023196220398,"[312, 220, 59, 50]"
710.0,710.0_17,car,0.9109294414520264,"[374, 133, 42, 36]"
710.0,710.0_11,car,0.871432900428772,"[437, 123, 20, 20]"
710.0,710.0_23,car,0.7629026770591736,"[660, 165, 34, 27]"
710.0,710.0_9,car,0.6858794689178467,"[569, 105, 28, 18]"
710.0,710.0_13,car,0.5336605906486511,"[274, 134, 25, 18]"
710.0,710.0_10,car,0.529410183429718,"[437, 116, 20, 15]"
720.0,720.0_19,car,0.9917224049568176,"[353, 172, 40, 36]"
720.0,720.0_17,car,0.982202410697937,"[644, 158, 42, 28]"
720.0,720.0_15,car,0.9821683764457703,"[254, 151, 58, 23]"
720.0,720.0_22,car,0.9791020750999451,"[297, 196, 46, 38]"
720.0,720.0_1,car,0.9461696743965149,"[311, 233, 53, 60]"
720.0,720.0_2,car,0.9309137463569641,"[246, 282, 78, 85]"
720.0,720.0_16,car,0.8770044445991516,"[375, 140, 42, 39]"
720.0,720.0_7,car,0.8521806597709656,"[436, 124, 20, 20]"
720.0,720.0_6,car,0.8161745667457581,"[570, 105, 26, 17]"
720.0,720.0_9,car,0.6256804466247559,"[274, 134, 26, 18]"
730.0,730.0_13,car,0.9876192212104797,"[220, 330, 91, 87]"
730.0,730.0_23,car,0.9873486161231995,"[257, 151, 56, 23]"
730.0,730.0_29,car,0.9862202405929565,"[348, 178, 41, 39]"
730.0,730.0_7,car,0.9860764145851135,"[292, 249, 67, 67]"
730.0,730.0_31,car,0.9403681755065918,"[283, 203, 53, 44]"
730.0,730.0_27,car,0.9273034930229187,"[636, 155, 36, 24]"
730.0,730.0_18,car,0.8763716220855713,"[435, 121, 23, 28]"
730.0,730.0_24,car,0.8760197162628174,"[375, 137, 43, 47]"
730.0,730.0_16,car,0.8383602499961853,"[569, 105, 25, 18]"
730.0,730.0_19,car,0.6983751058578491,"[275, 133, 24, 17]"
730.0,730.0_21,car,0.6074095368385315,"[361, 144, 21, 20]"
740.0,740.0_12,car,0.993728518486023,"[192, 354, 112, 115]"
740.0,740.0_9,car,0.9842398166656494,"[282, 266, 72, 87]"
740.0,740.0_19,car,0.9816293716430664,"[257, 151, 56, 24]"
740.0,740.0_26,car,0.9811626076698303,"[341, 184, 43, 45]"
740.0,740.0_21,car,0.9315403699874878,"[626, 149, 33, 23]"
740.0,740.0_17,car,0.903803288936615,"[433, 126, 25, 28]"
740.0,740.0_7,car,0.8776324391365051,"[261, 216, 64, 49]"
740.0,740.0_23,car,0.7762324810028076,"[373, 147, 48, 46]"
740.0,740.0_14,car,0.7656464576721191,"[569, 104, 26, 19]"
740.0,740.0_20,car,0.5905489921569824,"[359, 148, 20, 20]"
750.0,750.0_6,car,0.989179253578186,"[265, 294, 78, 104]"
750.0,750.0_21,car,0.9828425049781799,"[257, 151, 56, 24]"
750.0,750.0_31,car,0.9825521111488342,"[335, 195, 47, 45]"
750.0,750.0_19,car,0.962861180305481,"[431, 126, 27, 31]"
750.0,750.0_23,car,0.9332800507545471,"[351, 146, 28, 26]"
750.0,750.0_3,car,0.9287123680114746,"[249, 227, 64, 51]"
750.0,750.0_24,car,0.8984597325325012,"[617, 145, 30, 23]"
750.0,750.0_12,car,0.8476179838180542,"[170, 408, 111, 71]"
750.0,750.0_14,car,0.7987203001976013,"[569, 106, 26, 18]"
750.0,750.0_27,car,0.7144030928611755,"[373, 148, 47, 48]"
750.0,750.0_16,car,0.5503138303756714,"[276, 135, 25, 17]"
750.0,750.0_17,car,0.5291549563407898,"[383, 134, 28, 15]"
760.0,760.0_9,car,0.995673656463623,"[245, 332, 93, 125]"
760.0,760.0_4,car,0.986882209777832,"[224, 240, 80, 59]"
760.0,760.0_21,car,0.9817895889282227,"[258, 150, 56, 25]"
760.0,760.0_30,car,0.9785522818565369,"[328, 205, 47, 48]"
760.0,760.0_24,car,0.9696345925331116,"[346, 150, 31, 26]"
760.0,760.0_19,car,0.9345945715904236,"[430, 135, 27, 29]"
760.0,760.0_0,car,0.8844341039657593,"[371, 154, 49, 48]"
760.0,760.0_16,car,0.7418387532234192,"[379, 141, 36, 18]"
760.0,760.0_20,car,0.7269769906997681,"[612, 143, 28, 19]"
760.0,760.0_14,car,0.701064944267273,"[439, 126, 23, 13]"
760.0,760.0_13,car,0.6288425922393799,"[570, 106, 26, 17]"
760.0,760.0_12,car,0.541025698184967,"[408, 112, 19, 10]"
770.0,770.0_9,car,0.9841335415840149,"[215, 380, 122, 95]"
770.0,770.0_4,car,0.9793376922607422,"[197, 260, 87, 63]"
770.0,770.0_18,car,0.9768747687339783,"[258, 151, 56, 24]"
770.0,770.0_20,car,0.9721803665161133,"[339, 154, 33, 26]"
770.0,770.0_15,car,0.9558017253875732,"[430, 135, 28, 33]"
770.0,770.0_3,car,0.9287431836128235,"[317, 216, 51, 52]"
770.0,770.0_16,car,0.9190776944160461,"[605, 140, 26, 19]"
770.0,770.0_1,car,0.6979479193687439,"[371, 154, 49, 51]"
770.0,770.0_10,car,0.6738446950912476,"[570, 105, 26, 17]"
770.0,770.0_11,car,0.646396279335022,"[440, 127, 22, 12]"
770.0,770.0_25,person,0.5350943803787231,"[161, 189, 16, 41]"
770.0,770.0_12,car,0.5242695808410645,"[380, 143, 33, 16]"
780.0,780.0_9,car,0.9959160685539246,"[170, 278, 96, 79]"
780.0,780.0_21,car,0.9942777156829834,"[332, 157, 38, 29]"
780.0,780.0_5,car,0.9804400205612183,"[310, 231, 54, 59]"
780.0,780.0_17,car,0.9791940450668335,"[259, 151, 56, 24]"
780.0,780.0_24,car,0.9788143038749695,"[648, 165, 42, 35]"
780.0,780.0_16,car,0.9572653770446777,"[429, 136, 30, 38]"
780.0,780.0_14,car,0.8252409100532532,"[596, 134, 25, 19]"
780.0,780.0_11,car,0.8162519931793213,"[571, 105, 25, 17]"
780.0,780.0_1,car,0.7544164657592773,"[371, 151, 50, 58]"
780.0,780.0_12,car,0.6818076372146606,"[274, 136, 27, 15]"
780.0,780.0_31,person,0.6562559604644775,"[163, 189, 15, 40]"
780.0,780.0_18,car,0.5631888508796692,"[377, 148, 39, 21]"
780.0,780.0_13,car,0.5259426236152649,"[381, 136, 19, 12]"
790.0,790.0_8,car,0.9974855184555054,"[127, 307, 115, 94]"
790.0,790.0_19,car,0.9868911504745483,"[325, 159, 41, 30]"
790.0,790.0_15,car,0.9834916591644287,"[263, 150, 50, 24]"
790.0,790.0_4,car,0.9819145202636719,"[297, 244, 63, 72]"
790.0,790.0_21,car,0.9677306413650513,"[631, 155, 48, 37]"
790.0,790.0_17,car,0.9588995575904846,"[428, 142, 31, 35]"
790.0,790.0_12,car,0.8339511156082153,"[591, 132, 25, 18]"
790.0,790.0_10,car,0.7975788712501526,"[571, 104, 26, 18]"
790.0,790.0_0,bus,0.7930319905281067,"[365, 159, 61, 65]"
790.0,790.0_33,person,0.6458104252815247,"[166, 184, 15, 41]"
790.0,790.0_11,car,0.6335664391517639,"[275, 134, 26, 15]"
800.0,800.0_31,car,0.986264169216156,"[318, 162, 39, 31]"
800.0,800.0_18,car,0.9771682024002075,"[263, 149, 49, 24]"
800.0,800.0_20,car,0.9548915028572083,"[429, 144, 31, 37]"
800.0,800.0_29,car,0.9314070343971252,"[623, 152, 37, 30]"
800.0,800.0_4,car,0.9140852689743042,"[280, 261, 73, 86]"
800.0,800.0_33,person,0.7716882824897766,"[168, 185, 16, 38]"
800.0,800.0_25,car,0.7514222264289856,"[371, 156, 53, 23]"
800.0,800.0_3,bus,0.7226778268814087,"[361, 170, 67, 69]"
800.0,800.0_13,car,0.701987087726593,"[585, 127, 23, 17]"
800.0,800.0_12,car,0.6831385493278503,"[570, 103, 28, 18]"
800.0,800.0_15,car,0.6419770121574402,"[374, 134, 22, 17]"
800.0,800.0_14,car,0.6123377680778503,"[274, 133, 27, 15]"
810.0,810.0_26,car,0.991208553314209,"[311, 166, 41, 31]"
810.0,810.0_22,car,0.9680312871932983,"[611, 144, 36, 29]"
810.0,810.0_8,car,0.9648443460464478,"[261, 287, 78, 106]"
810.0,810.0_20,car,0.9428873062133789,"[264, 147, 49, 23]"
810.0,810.0_23,car,0.9329480528831482,"[428, 148, 34, 40]"
810.0,810.0_3,bus,0.8880153298377991,"[360, 167, 72, 80]"
810.0,810.0_29,person,0.772239089012146,"[168, 184, 18, 33]"
810.0,810.0_16,car,0.7069234251976013,"[369, 135, 21, 17]"
810.0,810.0_31,car,0.5661282539367676,"[365, 229, 67, 25]"
810.0,810.0_14,car,0.525335967540741,"[278, 127, 21, 14]"
810.0,810.0_15,car,0.5072381496429443,"[275, 134, 26, 13]"
820.0,820.0_23,car,0.9946972727775574,"[303, 172, 44, 35]"
820.0,820.0_6,car,0.9854767918586731,"[241, 323, 95, 142]"
820.0,820.0_18,car,0.9833831191062927,"[265, 146, 49, 24]"
820.0,820.0_15,car,0.9800806045532227,"[599, 138, 35, 29]"
820.0,820.0_21,car,0.9620545506477356,"[429, 148, 39, 46]"
820.0,820.0_4,bus,0.9024202227592468,"[354, 181, 86, 85]"
820.0,820.0_12,car,0.7650293111801147,"[437, 136, 27, 14]"
820.0,820.0_27,person,0.6776745319366455,"[172, 180, 17, 38]"
820.0,820.0_10,car,0.6669028997421265,"[278, 127, 21, 16]"
820.0,820.0_11,car,0.6005118489265442,"[369, 135, 22, 19]"
820.0,820.0_9,car,0.5063315033912659,"[573, 118, 23, 18]"
830.0,830.0_15,car,0.9704791307449341,"[264, 145, 52, 24]"
830.0,830.0_21,car,0.9665427207946777,"[292, 176, 47, 40]"
830.0,830.0_3,bus,0.9636477828025818,"[359, 174, 82, 109]"
830.0,830.0_11,car,0.8470361232757568,"[585, 132, 38, 33]"
830.0,830.0_20,person,0.7909660339355469,"[173, 180, 17, 36]"
830.0,830.0_17,car,0.7781484723091125,"[433, 151, 38, 53]"
830.0,830.0_6,car,0.6290459632873535,"[278, 127, 23, 16]"
830.0,830.0_5,truck,0.5879674553871155,"[194, 382, 127, 90]"
840.0,840.0_15,car,0.9744077920913696,"[263, 144, 55, 25]"
840.0,840.0_20,car,0.947725236415863,"[284, 185, 47, 40]"
840.0,840.0_5,bus,0.937669575214386,"[359, 191, 89, 111]"
840.0,840.0_12,car,0.866028368473053,"[361, 142, 23, 18]"
840.0,840.0_13,car,0.8530097007751465,"[438, 144, 26, 16]"
840.0,840.0_9,car,0.7550155520439148,"[581, 127, 31, 29]"
840.0,840.0_7,car,0.6739814877510071,"[278, 125, 25, 17]"
840.0,840.0_16,car,0.6523926258087158,"[435, 161, 42, 55]"
850.0,850.0_13,car,0.9868767261505127,"[260, 141, 59, 27]"
850.0,850.0_5,bus,0.9749869108200073,"[360, 207, 100, 123]"
850.0,850.0_15,car,0.9484299421310425,"[353, 138, 29, 26]"
850.0,850.0_22,car,0.8818564414978027,"[271, 190, 52, 47]"
850.0,850.0_11,car,0.8544014692306519,"[569, 126, 35, 30]"
850.0,850.0_19,person,0.7144805192947388,"[165, 173, 17, 35]"
850.0,850.0_0,car,0.6464776992797852,"[435, 160, 46, 69]"
850.0,850.0_8,car,0.6443357467651367,"[419, 115, 19, 17]"
850.0,850.0_9,car,0.6095970273017883,"[374, 126, 27, 18]"
850.0,850.0_17,car,0.5973676443099976,"[438, 152, 28, 16]"
850.0,850.0_7,car,0.5752338171005249,"[391, 100, 20, 12]"
860.0,860.0_4,bus,0.9916144609451294,"[355, 203, 116, 163]"
860.0,860.0_13,car,0.9903627038002014,"[261, 141, 58, 26]"
860.0,860.0_18,car,0.9415484070777893,"[437, 153, 32, 21]"
860.0,860.0_21,car,0.8761277794837952,"[260, 202, 49, 45]"
860.0,860.0_9,car,0.7981710433959961,"[375, 125, 25, 20]"
860.0,860.0_16,car,0.7570620775222778,"[351, 150, 27, 17]"
860.0,860.0_1,bus,0.6682809591293335,"[440, 176, 58, 67]"
860.0,860.0_19,person,0.6427137851715088,"[169, 171, 15, 38]"
860.0,860.0_8,car,0.6138864159584045,"[420, 116, 19, 18]"
860.0,860.0_7,car,0.5500801205635071,"[392, 116, 21, 15]"
860.0,860.0_6,car,0.5065957903862,"[571, 98, 25, 14]"
870.0,870.0_7,bus,0.9922821521759033,"[354, 241, 133, 166]"
870.0,870.0_16,car,0.9833706021308899,"[261, 141, 58, 26]"
870.0,870.0_19,car,0.9816205501556396,"[436, 159, 36, 25]"
870.0,870.0_0,car,0.8580599427223206,"[246, 209, 60, 55]"
870.0,870.0_18,car,0.7482121586799622,"[342, 149, 33, 24]"
870.0,870.0_1,truck,0.7326904535293579,"[443, 189, 69, 75]"
870.0,870.0_13,car,0.6972435712814331,"[373, 121, 29, 27]"
870.0,870.0_14,car,0.6379198431968689,"[420, 124, 17, 17]"
870.0,870.0_12,car,0.5809856057167053,"[571, 97, 26, 15]"
870.0,870.0_20,person,0.5302804708480835,"[178, 172, 18, 37]"
880.0,880.0_25,car,0.9960542917251587,"[434, 166, 39, 29]"
880.0,880.0_21,car,0.9848803877830505,"[262, 140, 57, 25]"
880.0,880.0_4,car,0.9685994386672974,"[221, 224, 71, 57]"
880.0,880.0_11,bus,0.8686553239822388,"[351, 267, 169, 186]"
880.0,880.0_15,car,0.8265056014060974,"[570, 97, 29, 16]"
880.0,880.0_8,bus,0.7937980890274048,"[458, 196, 73, 97]"
880.0,880.0_13,car,0.7785888910293579,"[407, 99, 20, 12]"
880.0,880.0_24,car,0.7349680066108704,"[338, 154, 32, 28]"
880.0,880.0_16,car,0.6211875677108765,"[389, 123, 20, 19]"
880.0,880.0_17,car,0.5668805241584778,"[419, 123, 19, 20]"
880.0,880.0_14,car,0.5473400950431824,"[437, 101, 22, 12]"
880.0,880.0_19,car,0.5119506120681763,"[370, 126, 27, 30]"
890.0,890.0_18,car,0.995356023311615,"[435, 176, 43, 32]"
890.0,890.0_13,car,0.9813908934593201,"[264, 139, 55, 26]"
890.0,890.0_15,car,0.9762097001075745,"[330, 156, 37, 29]"
890.0,890.0_1,car,0.9599405527114868,"[201, 241, 79, 65]"
890.0,890.0_10,car,0.8935751914978027,"[410, 120, 28, 30]"
890.0,890.0_3,bus,0.8240418434143066,"[470, 212, 83, 117]"
890.0,890.0_8,car,0.8155149817466736,"[572, 96, 26, 16]"
890.0,890.0_0,train,0.5861222147941589,"[343, 245, 209, 224]"
890.0,890.0_9,car,0.5705151557922363,"[387, 121, 24, 21]"
890.0,890.0_11,car,0.5564045906066895,"[366, 128, 29, 30]"
890.0,890.0_7,car,0.5488987565040588,"[409, 100, 22, 12]"
890.0,890.0_17,person,0.5087391138076782,"[177, 169, 21, 37]"
900.0,900.0_33,car,0.9932644963264465,"[436, 186, 49, 38]"
900.0,900.0_4,car,0.9873009920120239,"[173, 258, 91, 80]"
900.0,900.0_16,car,0.9813660383224487,"[265, 139, 54, 25]"
900.0,900.0_18,car,0.9744773507118225,"[321, 155, 45, 36]"
900.0,900.0_7,bus,0.9216117858886719,"[486, 238, 105, 137]"
900.0,900.0_13,car,0.8699889779090881,"[407, 130, 29, 25]"
900.0,900.0_10,car,0.7540594935417175,"[573, 96, 25, 16]"
900.0,900.0_28,person,0.7424960136413574,"[181, 169, 21, 33]"
900.0,900.0_11,car,0.7336169481277466,"[359, 132, 28, 25]"
900.0,900.0_25,car,0.6312544941902161,"[669, 163, 32, 37]"
910.0,910.0_26,car,0.9911968111991882,"[268, 139, 50, 24]"
910.0,910.0_37,car,0.981817901134491,"[443, 200, 51, 40]"
910.0,910.0_31,car,0.9750098586082458,"[646, 155, 47, 34]"
910.0,910.0_36,car,0.9721691608428955,"[318, 163, 39, 33]"
910.0,910.0_12,bus,0.9524173140525818,"[503, 267, 151, 187]"
910.0,910.0_30,car,0.9385124444961548,"[407, 136, 27, 26]"
910.0,910.0_21,car,0.9311250448226929,"[354, 133, 31, 26]"
910.0,910.0_9,car,0.8935102224349976,"[136, 289, 111, 87]"
910.0,910.0_16,car,0.7949939370155334,"[573, 95, 28, 16]"
910.0,910.0_0,bus,0.738923192024231,"[370, 322, 231, 153]"
910.0,910.0_17,car,0.6195918917655945,"[421, 105, 22, 15]"
910.0,910.0_19,car,0.6008288860321045,"[376, 128, 27, 13]"
910.0,910.0_18,car,0.5193622708320618,"[420, 114, 19, 15]"
920.0,920.0_26,car,0.9936618208885193,"[308, 170, 44, 35]"
920.0,920.0_17,car,0.9912708401679993,"[405, 140, 29, 28]"
920.0,920.0_1,car,0.988703191280365,"[443, 219, 65, 46]"
920.0,920.0_19,car,0.9835099577903748,"[627, 146, 44, 31]"
920.0,920.0_13,car,0.9768288731575012,"[266, 138, 53, 26]"
920.0,920.0_16,car,0.9368118047714233,"[351, 137, 29, 28]"
920.0,920.0_8,car,0.7874855399131775,"[423, 102, 22, 12]"
920.0,920.0_11,car,0.7789311408996582,"[374, 127, 28, 15]"
920.0,920.0_9,car,0.7280157804489136,"[572, 95, 27, 16]"
920.0,920.0_10,car,0.5565699934959412,"[419, 114, 20, 15]"
930.0,930.0_20,car,0.9961389899253845,"[402, 147, 31, 30]"
930.0,930.0_25,car,0.9940409660339355,"[299, 178, 44, 36]"
930.0,930.0_3,car,0.9888009428977966,"[459, 241, 70, 53]"
930.0,930.0_18,car,0.9852102994918823,"[611, 139, 41, 29]"
930.0,930.0_16,car,0.9678123593330383,"[343, 137, 32, 29]"
930.0,930.0_14,car,0.9660744667053223,"[267, 137, 53, 25]"
930.0,930.0_13,car,0.7778703570365906,"[373, 126, 31, 15]"
930.0,930.0_12,car,0.7536261081695557,"[420, 116, 21, 13]"
930.0,930.0_23,person,0.6142367720603943,"[190, 162, 20, 38]"
930.0,930.0_9,car,0.5656015276908875,"[572, 90, 28, 17]"
930.0,930.0_10,car,0.54776531457901,"[425, 102, 23, 11]"
940.0,940.0_20,car,0.9957174062728882,"[399, 155, 34, 33]"
940.0,940.0_2,car,0.9925150275230408,"[470, 270, 87, 69]"
940.0,940.0_25,car,0.9840158820152283,"[288, 184, 49, 42]"
940.0,940.0_12,car,0.960845410823822,"[265, 136, 56, 25]"
940.0,940.0_17,car,0.9463381767272949,"[340, 146, 31, 26]"
940.0,940.0_15,car,0.9401869773864746,"[602, 136, 35, 25]"
940.0,940.0_7,car,0.8992986679077148,"[417, 119, 24, 14]"
940.0,940.0_6,car,0.6908847093582153,"[450, 110, 21, 12]"
940.0,940.0_9,car,0.6810067892074585,"[375, 127, 27, 14]"
940.0,940.0_8,person,0.6267669200897217,"[648, 118, 10, 19]"
940.0,940.0_4,car,0.5911136865615845,"[571, 91, 27, 16]"
940.0,940.0_10,car,0.5350056886672974,"[370, 135, 22, 16]"
940.0,940.0_5,car,0.5186353325843811,"[428, 106, 20, 11]"
950.0,950.0_20,car,0.9957298040390015,"[398, 164, 38, 36]"
950.0,950.0_4,car,0.9936121702194214,"[494, 312, 110, 91]"
950.0,950.0_17,car,0.9915339946746826,"[335, 146, 34, 32]"
950.0,950.0_22,car,0.9788165092468262,"[276, 198, 50, 42]"
950.0,950.0_14,car,0.955373227596283,"[267, 136, 54, 25]"
950.0,950.0_13,car,0.9168512225151062,"[592, 129, 33, 26]"
950.0,950.0_10,car,0.893272876739502,"[419, 124, 22, 14]"
950.0,950.0_9,car,0.7361090183258057,"[375, 126, 30, 15]"
950.0,950.0_7,car,0.6922014355659485,"[429, 105, 20, 13]"
950.0,950.0_8,person,0.6774759292602539,"[643, 116, 9, 20]"
950.0,950.0_6,car,0.5834136009216309,"[571, 90, 27, 17]"
950.0,950.0_19,person,0.5023781061172485,"[194, 162, 18, 35]"
950.0,950.0_11,car,0.5013877153396606,"[360, 135, 26, 18]"
960.0,960.0_20,car,0.9972315430641174,"[327, 150, 37, 35]"
960.0,960.0_23,car,0.9910668730735779,"[394, 174, 46, 41]"
960.0,960.0_3,car,0.9884029030799866,"[531, 372, 139, 100]"
960.0,960.0_1,car,0.971224844455719,"[257, 209, 59, 48]"
960.0,960.0_15,car,0.9568125605583191,"[267, 137, 51, 24]"
960.0,960.0_11,car,0.8770862817764282,"[412, 126, 24, 15]"
960.0,960.0_21,person,0.8714905977249146,"[193, 161, 20, 35]"
960.0,960.0_9,person,0.7992057800292969,"[639, 116, 10, 20]"
960.0,960.0_13,car,0.7827448844909668,"[583, 123, 34, 25]"
960.0,960.0_17,car,0.7536872625350952,"[356, 137, 29, 27]"
960.0,960.0_8,car,0.6272944808006287,"[451, 118, 21, 13]"
960.0,960.0_14,car,0.5791280269622803,"[375, 131, 23, 18]"
960.0,960.0_7,car,0.5757673382759094,"[428, 107, 20, 12]"
960.0,960.0_6,car,0.5360389947891235,"[572, 91, 26, 16]"
970.0,970.0_1,car,0.9923355579376221,"[241, 224, 63, 51]"
970.0,970.0_15,car,0.9910207986831665,"[323, 154, 38, 37]"
970.0,970.0_22,car,0.9805207848548889,"[399, 191, 46, 46]"
970.0,970.0_11,car,0.9553587436676025,"[267, 136, 51, 25]"
970.0,970.0_9,car,0.8536640405654907,"[373, 132, 24, 18]"
970.0,970.0_14,car,0.8435848355293274,"[351, 139, 28, 25]"
970.0,970.0_18,person,0.8249005675315857,"[195, 159, 22, 35]"
970.0,970.0_6,car,0.8114638328552246,"[408, 127, 31, 18]"
970.0,970.0_8,car,0.6622315645217896,"[572, 119, 33, 26]"
970.0,970.0_3,car,0.5617437362670898,"[420, 101, 22, 11]"
970.0,970.0_5,car,0.557792603969574,"[448, 118, 25, 15]"
970.0,970.0_4,car,0.5547542572021484,"[425, 108, 20, 12]"
970.0,970.0_2,car,0.5038349628448486,"[572, 90, 28, 16]"
980.0,980.0_1,car,0.9973563551902771,"[404, 205, 52, 55]"
980.0,980.0_2,car,0.9936481714248657,"[216, 240, 82, 61]"
980.0,980.0_21,car,0.9922974705696106,"[318, 160, 39, 38]"
980.0,980.0_12,car,0.9587953686714172,"[410, 133, 28, 18]"
980.0,980.0_15,car,0.9431749582290649,"[267, 136, 51, 26]"
980.0,980.0_11,car,0.8995239734649658,"[370, 135, 26, 18]"
980.0,980.0_10,car,0.7982863187789917,"[450, 125, 23, 16]"
980.0,980.0_6,car,0.7875721454620361,"[417, 101, 23, 12]"
980.0,980.0_19,car,0.7847058176994324,"[346, 145, 33, 27]"
980.0,980.0_20,person,0.7780805826187134,"[195, 160, 20, 35]"
980.0,980.0_8,car,0.7719115614891052,"[385, 119, 22, 13]"
980.0,980.0_9,car,0.6403704881668091,"[439, 117, 25, 14]"
980.0,980.0_7,car,0.5383557677268982,"[423, 107, 20, 12]"
990.0,990.0_5,car,0.9982916712760925,"[192, 262, 80, 74]"
990.0,990.0_26,car,0.995751142501831,"[306, 168, 45, 38]"
990.0,990.0_1,car,0.9753680229187012,"[411, 231, 61, 61]"
990.0,990.0_21,car,0.9596729874610901,"[338, 149, 34, 26]"
990.0,990.0_20,car,0.9571409821510315,"[406, 137, 32, 22]"
990.0,990.0_15,car,0.9351766705513,"[267, 137, 51, 24]"
990.0,990.0_11,car,0.8065517544746399,"[448, 126, 27, 20]"
990.0,990.0_13,car,0.7998543381690979,"[355, 134, 36, 23]"
990.0,990.0_22,person,0.6027894616127014,"[197, 160, 17, 33]"
990.0,990.0_9,car,0.561928391456604,"[430, 116, 18, 14]"
990.0,990.0_7,car,0.5528770089149475,"[423, 100, 23, 14]"
990.0,990.0_8,car,0.5280576944351196,"[425, 107, 21, 14]"
1000.0,1000.0_9,car,0.9937782287597656,"[167, 289, 90, 82]"
1000.0,1000.0_27,car,0.9893609285354614,"[401, 141, 33, 23]"
1000.0,1000.0_31,car,0.9885814785957336,"[299, 176, 43, 40]"
1000.0,1000.0_4,car,0.9804062247276306,"[414, 254, 87, 87]"
1000.0,1000.0_28,car,0.9324595928192139,"[334, 151, 34, 25]"
1000.0,1000.0_22,car,0.9152047038078308,"[268, 137, 50, 24]"
1000.0,1000.0_17,car,0.7569411993026733,"[441, 123, 31, 25]"
1000.0,1000.0_24,car,0.6604664921760559,"[355, 143, 29, 18]"
1000.0,1000.0_15,car,0.5907081961631775,"[427, 116, 22, 16]"
1000.0,1000.0_16,car,0.5585479736328125,"[381, 125, 20, 15]"
1010.0,1010.0_6,car,0.9967561960220337,"[112, 326, 124, 110]"
1010.0,1010.0_17,car,0.9964925050735474,"[395, 148, 35, 26]"
1010.0,1010.0_12,car,0.9834375381469727,"[442, 131, 29, 26]"
1010.0,1010.0_19,car,0.9832285046577454,"[326, 154, 39, 33]"
1010.0,1010.0_4,car,0.9639893174171448,"[440, 296, 98, 115]"
1010.0,1010.0_22,car,0.9574159383773804,"[286, 184, 48, 43]"
1010.0,1010.0_14,car,0.8984315395355225,"[267, 135, 49, 25]"
1010.0,1010.0_9,car,0.8127401471138,"[376, 124, 23, 19]"
1010.0,1010.0_8,car,0.7528379559516907,"[424, 116, 23, 17]"
1010.0,1010.0_16,car,0.5312954187393188,"[350, 140, 32, 26]"
1020.0,1020.0_17,car,0.9949385523796082,"[443, 137, 28, 26]"
1020.0,1020.0_21,car,0.9929571747779846,"[391, 153, 36, 31]"
1020.0,1020.0_23,car,0.9837246537208557,"[315, 161, 41, 32]"
1020.0,1020.0_4,car,0.9592550992965698,"[479, 362, 117, 112]"
1020.0,1020.0_26,car,0.9508882164955139,"[278, 190, 45, 48]"
1020.0,1020.0_18,car,0.9463623762130737,"[334, 147, 36, 25]"
1020.0,1020.0_9,car,0.9381353855133057,"[373, 126, 22, 18]"
1020.0,1020.0_13,car,0.8798575401306152,"[263, 133, 50, 25]"
1020.0,1020.0_10,car,0.804180383682251,"[424, 121, 21, 20]"
1020.0,1020.0_6,car,0.7125970125198364,"[570, 88, 30, 17]"
1020.0,1020.0_7,car,0.5767756700515747,"[438, 98, 23, 12]"
1030.0,1030.0_21,car,0.9941913485527039,"[384, 166, 40, 32]"
1030.0,1030.0_19,car,0.9874855875968933,"[309, 163, 42, 37]"
1030.0,1030.0_14,car,0.9847937226295471,"[438, 139, 33, 31]"
1030.0,1030.0_15,car,0.9688082337379456,"[331, 151, 32, 25]"
1030.0,1030.0_12,car,0.8772263526916504,"[266, 132, 38, 25]"
1030.0,1030.0_8,car,0.8595461845397949,"[422, 122, 21, 21]"
1030.0,1030.0_1,car,0.8575648665428162,"[257, 199, 58, 50]"
1030.0,1030.0_4,car,0.8161295056343079,"[440, 98, 24, 12]"
1030.0,1030.0_7,car,0.7456978559494019,"[370, 127, 21, 18]"
1030.0,1030.0_5,person,0.5843893885612488,"[613, 105, 9, 16]"
1030.0,1030.0_3,car,0.5364068150520325,"[570, 86, 28, 17]"
1030.0,1030.0_2,car,0.5215361714363098,"[370, 92, 21, 11]"
1040.0,1040.0_24,car,0.995927631855011,"[376, 178, 47, 37]"
1040.0,1040.0_17,car,0.9945976734161377,"[317, 156, 41, 28]"
1040.0,1040.0_20,car,0.9916112422943115,"[296, 172, 47, 35]"
1040.0,1040.0_16,car,0.9826897382736206,"[438, 146, 34, 36]"
1040.0,1040.0_0,car,0.9698420166969299,"[248, 207, 59, 58]"
1040.0,1040.0_14,car,0.9462226033210754,"[361, 132, 27, 19]"
1040.0,1040.0_7,car,0.9432143568992615,"[419, 124, 23, 20]"
1040.0,1040.0_12,car,0.8995326161384583,"[265, 131, 38, 25]"
1040.0,1040.0_3,car,0.767247200012207,"[440, 99, 25, 12]"
1040.0,1040.0_4,car,0.6993873715400696,"[413, 108, 21, 13]"
1040.0,1040.0_2,car,0.5050574541091919,"[570, 87, 28, 16]"
1050.0,1050.0_38,car,0.9832887649536133,"[371, 198, 49, 39]"
1050.0,1050.0_33,car,0.982204020023346,"[288, 176, 49, 39]"
1050.0,1050.0_27,car,0.9780872464179993,"[438, 156, 39, 40]"
1050.0,1050.0_18,car,0.9772225022315979,"[358, 133, 28, 20]"
1050.0,1050.0_26,car,0.9719406366348267,"[311, 160, 37, 34]"
1050.0,1050.0_5,car,0.9665637612342834,"[223, 229, 71, 60]"
1050.0,1050.0_21,car,0.9533630609512329,"[418, 126, 24, 28]"
1050.0,1050.0_10,car,0.9226124882698059,"[412, 108, 22, 15]"
1050.0,1050.0_9,car,0.9043747782707214,"[440, 100, 23, 12]"
1050.0,1050.0_16,car,0.8768492937088013,"[265, 130, 37, 26]"
1050.0,1050.0_7,car,0.5892256498336792,"[376, 91, 18, 10]"
1050.0,1050.0_8,car,0.5550035834312439,"[414, 98, 20, 12]"
1060.0,1060.0_25,car,0.9963729381561279,"[300, 165, 44, 32]"
1060.0,1060.0_3,car,0.9884859919548035,"[360, 221, 62, 49]"
1060.0,1060.0_32,car,0.9833825826644897,"[277, 186, 49, 37]"
1060.0,1060.0_19,car,0.9807326793670654,"[416, 130, 25, 28]"
1060.0,1060.0_30,car,0.943113386631012,"[438, 162, 43, 51]"
1060.0,1060.0_17,car,0.9395945072174072,"[352, 133, 30, 24]"
1060.0,1060.0_6,car,0.9283322691917419,"[204, 245, 76, 68]"
1060.0,1060.0_21,car,0.9247632622718811,"[650, 147, 41, 33]"
1060.0,1060.0_9,car,0.8970525860786438,"[411, 108, 23, 16]"
1060.0,1060.0_8,car,0.8722202777862549,"[441, 100, 25, 13]"
1060.0,1060.0_15,car,0.7568267583847046,"[264, 129, 36, 26]"
1060.0,1060.0_7,car,0.5400192141532898,"[379, 90, 20, 11]"
1070.0,1070.0_4,car,0.9974148869514465,"[348, 259, 83, 58]"
1070.0,1070.0_30,car,0.9951597452163696,"[635, 140, 45, 29]"
1070.0,1070.0_39,car,0.9902467131614685,"[290, 168, 47, 37]"
1070.0,1070.0_43,car,0.9898971915245056,"[267, 194, 53, 41]"
1070.0,1070.0_27,car,0.9805723428726196,"[417, 135, 25, 29]"
1070.0,1070.0_26,car,0.977557361125946,"[347, 137, 30, 27]"
1070.0,1070.0_7,car,0.9766398668289185,"[179, 262, 92, 84]"
1070.0,1070.0_42,car,0.9015426635742188,"[446, 180, 44, 50]"
1070.0,1070.0_16,car,0.7816528677940369,"[410, 106, 26, 17]"
1070.0,1070.0_23,car,0.6995415091514587,"[261, 130, 55, 24]"
1070.0,1070.0_15,car,0.6933775544166565,"[440, 98, 29, 16]"
1070.0,1070.0_18,car,0.6658856272697449,"[411, 114, 23, 17]"
1070.0,1070.0_14,car,0.5140239596366882,"[569, 86, 32, 16]"
1080.0,1080.0_15,car,0.9961326718330383,"[338, 306, 98, 92]"
1080.0,1080.0_31,car,0.9870078563690186,"[623, 131, 38, 27]"
1080.0,1080.0_38,car,0.9867623448371887,"[281, 174, 46, 34]"
1080.0,1080.0_33,car,0.9856861233711243,"[341, 139, 34, 27]"
1080.0,1080.0_1,car,0.9854074716567993,"[251, 204, 61, 43]"
1080.0,1080.0_37,car,0.985256552696228,"[415, 143, 27, 30]"
1080.0,1080.0_8,car,0.97397381067276,"[155, 284, 90, 103]"
1080.0,1080.0_19,car,0.8961691856384277,"[410, 106, 24, 17]"
1080.0,1080.0_21,car,0.8856896162033081,"[411, 115, 21, 16]"
1080.0,1080.0_18,car,0.8191639184951782,"[438, 97, 33, 22]"
1080.0,1080.0_0,truck,0.7033464908599854,"[450, 188, 53, 61]"
1080.0,1080.0_28,car,0.6253916621208191,"[263, 128, 56, 23]"
1080.0,1080.0_36,person,0.5408249497413635,"[218, 146, 12, 27]"
1080.0,1080.0_27,person,0.5231520533561707,"[234, 131, 11, 21]"
1090.0,1090.0_26,car,0.9894101619720459,"[335, 144, 35, 28]"
1090.0,1090.0_11,car,0.9848745465278625,"[326, 386, 112, 86]"
1090.0,1090.0_27,car,0.9827554821968079,"[415, 146, 29, 35]"
1090.0,1090.0_0,car,0.9823421835899353,"[243, 212, 55, 50]"
1090.0,1090.0_19,car,0.9787906408309937,"[611, 125, 36, 24]"
1090.0,1090.0_30,car,0.9718319773674011,"[267, 183, 51, 34]"
1090.0,1090.0_16,car,0.944599986076355,"[409, 115, 23, 17]"
1090.0,1090.0_14,car,0.8161437511444092,"[409, 107, 23, 15]"
1090.0,1090.0_23,car,0.8084855079650879,"[272, 128, 51, 22]"
1090.0,1090.0_13,car,0.7953770160675049,"[438, 95, 34, 23]"
1090.0,1090.0_3,truck,0.7925227880477905,"[461, 214, 66, 72]"
1090.0,1090.0_15,car,0.5691364407539368,"[442, 105, 25, 16]"
1100.0,1100.0_30,car,0.9919152855873108,"[412, 155, 34, 37]"
1100.0,1100.0_1,car,0.9898623824119568,"[218, 226, 73, 55]"
1100.0,1100.0_35,car,0.985943078994751,"[257, 190, 50, 39]"
1100.0,1100.0_28,car,0.9700366258621216,"[329, 146, 36, 31]"
1100.0,1100.0_15,car,0.9556266665458679,"[406, 115, 25, 20]"
1100.0,1100.0_22,car,0.9453772902488708,"[597, 118, 36, 23]"
1100.0,1100.0_5,truck,0.9052832126617432,"[475, 243, 81, 95]"
1100.0,1100.0_14,car,0.8731366991996765,"[443, 106, 26, 15]"
1100.0,1100.0_25,car,0.7901600003242493,"[275, 127, 50, 23]"
1100.0,1100.0_13,car,0.7402126789093018,"[408, 108, 22, 14]"
1100.0,1100.0_26,person,0.6373854875564575,"[218, 145, 13, 26]"
1100.0,1100.0_12,car,0.5062018632888794,"[437, 95, 35, 24]"
1110.0,1110.0_4,car,0.9918208122253418,"[199, 247, 78, 63]"
1110.0,1110.0_24,car,0.9866742491722107,"[319, 152, 39, 33]"
1110.0,1110.0_27,car,0.9845492243766785,"[407, 166, 44, 42]"
1110.0,1110.0_15,car,0.9744946956634521,"[586, 115, 37, 20]"
1110.0,1110.0_10,car,0.952309250831604,"[441, 106, 30, 20]"
1110.0,1110.0_30,car,0.9471826553344727,"[241, 201, 53, 43]"
1110.0,1110.0_20,car,0.9426324963569641,"[277, 124, 46, 23]"
1110.0,1110.0_21,car,0.9361333250999451,"[405, 123, 24, 16]"
1110.0,1110.0_9,car,0.7062636017799377,"[407, 108, 22, 15]"
1110.0,1110.0_7,car,0.6642262935638428,"[507, 315, 108, 110]"
1120.0,1120.0_6,car,0.9985840916633606,"[174, 268, 88, 69]"
1120.0,1120.0_24,car,0.9866124987602234,"[309, 159, 44, 33]"
1120.0,1120.0_19,car,0.971173107624054,"[401, 124, 28, 19]"
1120.0,1120.0_27,car,0.9658080339431763,"[406, 179, 48, 49]"
1120.0,1120.0_2,car,0.9621315002441406,"[219, 214, 66, 46]"
1120.0,1120.0_18,car,0.9216444492340088,"[278, 124, 47, 23]"
1120.0,1120.0_11,car,0.7692292332649231,"[583, 109, 27, 15]"
1120.0,1120.0_12,car,0.7422053217887878,"[404, 115, 23, 16]"
1120.0,1120.0_9,car,0.6959256529808044,"[441, 107, 27, 16]"
1120.0,1120.0_14,car,0.6807678937911987,"[444, 114, 24, 16]"
1130.0,1130.0_9,car,0.9945985674858093,"[134, 290, 108, 92]"
1130.0,1130.0_3,car,0.9928998947143555,"[202, 225, 68, 53]"
1130.0,1130.0_30,car,0.991682231426239,"[296, 164, 49, 38]"
1130.0,1130.0_0,car,0.9873828291893005,"[408, 192, 57, 53]"
1130.0,1130.0_22,car,0.9807084798812866,"[277, 124, 47, 24]"
1130.0,1130.0_25,car,0.9557493925094604,"[398, 122, 28, 24]"
1130.0,1130.0_14,car,0.9036338925361633,"[573, 107, 32, 17]"
1130.0,1130.0_17,car,0.9020652174949646,"[441, 114, 28, 18]"
1130.0,1130.0_16,car,0.7861335873603821,"[398, 115, 28, 16]"
1130.0,1130.0_12,car,0.6969307065010071,"[424, 100, 23, 12]"
1130.0,1130.0_13,car,0.6785786747932434,"[441, 106, 26, 15]"
1130.0,1130.0_11,car,0.5744459629058838,"[389, 83, 28, 10]"
1140.0,1140.0_3,car,0.997333824634552,"[172, 240, 87, 61]"
1140.0,1140.0_23,car,0.9904953837394714,"[278, 124, 48, 25]"
1140.0,1140.0_28,car,0.9879075288772583,"[391, 129, 32, 23]"
1140.0,1140.0_32,car,0.9872399568557739,"[287, 172, 52, 40]"
1140.0,1140.0_1,car,0.9723233580589294,"[412, 217, 63, 63]"
1140.0,1140.0_19,car,0.9014298319816589,"[439, 112, 30, 23]"
1140.0,1140.0_17,car,0.8655716776847839,"[396, 117, 25, 14]"
1140.0,1140.0_24,car,0.8495897650718689,"[441, 124, 27, 16]"
1140.0,1140.0_16,car,0.799798309803009,"[565, 103, 26, 18]"
1140.0,1140.0_29,person,0.7379284501075745,"[245, 138, 12, 26]"
1140.0,1140.0_11,car,0.7336355447769165,"[371, 88, 23, 14]"
1140.0,1140.0_12,car,0.7305217981338501,"[424, 101, 22, 12]"
1140.0,1140.0_10,car,0.7062629461288452,"[403, 85, 21, 8]"
1140.0,1140.0_14,car,0.6588729619979858,"[424, 106, 24, 14]"
1140.0,1140.0_15,car,0.6192517280578613,"[441, 108, 25, 13]"
1150.0,1150.0_11,car,0.9980095028877258,"[148, 263, 88, 68]"
1150.0,1150.0_37,car,0.9904844164848328,"[385, 138, 36, 23]"
1150.0,1150.0_28,car,0.990024983882904,"[280, 124, 48, 26]"
1150.0,1150.0_6,car,0.9844503402709961,"[416, 244, 82, 86]"
1150.0,1150.0_42,car,0.982430636882782,"[276, 185, 50, 38]"
1150.0,1150.0_31,car,0.9645950198173523,"[438, 122, 32, 22]"
1150.0,1150.0_29,car,0.862155020236969,"[392, 125, 28, 13]"
1150.0,1150.0_22,car,0.7818626761436462,"[423, 106, 22, 15]"
1150.0,1150.0_39,person,0.7387242317199707,"[166, 163, 15, 38]"
1150.0,1150.0_19,car,0.7066144943237305,"[406, 85, 20, 10]"
1150.0,1150.0_23,car,0.6850431561470032,"[438, 116, 30, 16]"
1150.0,1150.0_35,person,0.6295061707496643,"[246, 139, 12, 22]"
1150.0,1150.0_20,car,0.5683831572532654,"[562, 99, 22, 16]"
1150.0,1150.0_21,car,0.5207105278968811,"[277, 107, 25, 17]"
1160.0,1160.0_30,car,0.9914207458496094,"[380, 140, 35, 28]"
1160.0,1160.0_25,car,0.9892162680625916,"[281, 125, 48, 27]"
1160.0,1160.0_9,car,0.9802107214927673,"[435, 289, 93, 107]"
1160.0,1160.0_23,car,0.9736804366111755,"[436, 123, 33, 26]"
1160.0,1160.0_34,car,0.9669774174690247,"[266, 193, 49, 45]"
1160.0,1160.0_14,car,0.9399593472480774,"[354, 90, 33, 15]"
1160.0,1160.0_22,car,0.917497456073761,"[389, 126, 25, 16]"
1160.0,1160.0_16,car,0.8356574773788452,"[419, 106, 25, 15]"
1160.0,1160.0_33,person,0.7210594415664673,"[169, 162, 14, 38]"
1160.0,1160.0_13,car,0.6424991488456726,"[406, 84, 21, 11]"
1160.0,1160.0_17,car,0.6322007775306702,"[416, 115, 27, 16]"
1160.0,1160.0_15,car,0.5670180320739746,"[278, 107, 23, 18]"
1160.0,1160.0_29,person,0.5592585206031799,"[246, 141, 13, 24]"
1170.0,1170.0_24,car,0.9926981925964355,"[285, 127, 46, 26]"
1170.0,1170.0_35,car,0.9910944104194641,"[378, 149, 34, 30]"
1170.0,1170.0_29,car,0.9501624703407288,"[438, 129, 34, 25]"
1170.0,1170.0_8,car,0.9498910307884216,"[453, 351, 124, 120]"
1170.0,1170.0_11,car,0.9281372427940369,"[409, 89, 19, 9]"
1170.0,1170.0_0,car,0.8960850238800049,"[248, 203, 64, 47]"
1170.0,1170.0_38,person,0.8939828276634216,"[172, 160, 14, 38]"
1170.0,1170.0_15,car,0.8460845947265625,"[422, 109, 22, 14]"
1170.0,1170.0_27,car,0.8197115659713745,"[388, 132, 25, 17]"
1170.0,1170.0_31,person,0.6894171237945557,"[251, 139, 12, 25]"
1170.0,1170.0_32,car,0.6806203126907349,"[436, 143, 35, 18]"
1170.0,1170.0_13,car,0.6702903509140015,"[443, 99, 21, 12]"
1170.0,1170.0_12,car,0.6112992763519287,"[568, 86, 28, 13]"
1170.0,1170.0_21,car,0.609147310256958,"[411, 124, 25, 16]"
1170.0,1170.0_40,motorbike,0.5666800141334534,"[244, 181, 20, 31]"
1170.0,1170.0_14,car,0.5084466338157654,"[277, 107, 23, 18]"
1170.0,1170.0_30,person,0.502342700958252,"[233, 135, 14, 27]"
